Date,AAPL,AMZN,GOOG,MSFT
2018-01-02,40.38098907470703,59.45050048828125,52.8880729675293,79.19831848144531
2018-01-03,40.37395477294922,60.209999084472656,53.75613784790039,79.56690979003906
2018-01-04,40.561492919921875,60.47949981689453,53.950801849365234,80.2671890258789
2018-01-05,41.02330017089844,61.457000732421875,54.73691940307617,81.26238250732422
2018-01-08,40.87093734741211,62.34349822998047,54.97081756591797,81.3453140258789
2018-01-09,40.86624526977539,62.6349983215332,54.93705368041992,81.29000854492188
2018-01-10,40.85685729980469,62.71649932861328,54.755794525146484,80.92143249511719
2018-01-11,41.08893966674805,63.83399963378906,54.900306701660156,81.1610336303711
2018-01-12,41.51323699951172,65.26000213623047,55.73161315917969,82.5616226196289
2018-01-16,41.30225372314453,65.24299621582031,55.706783294677734,81.4097900390625
2018-01-17,41.98442077636719,64.75,56.21430969238281,83.0592041015625
2018-01-18,42.02192306518555,64.66600036621094,56.105552673339844,83.02234649658203
2018-01-19,41.83440017700195,64.72899627685547,56.488929748535156,82.93019104003906
2018-01-22,41.49214553833008,66.3655014038086,57.39771270751953,84.4136962890625
2018-01-23,41.50151443481445,68.12699890136719,58.10090255737305,84.68096160888672
2018-01-24,40.840450286865234,67.87550354003906,57.81634521484375,84.60722351074219
2018-01-25,40.11140823364258,68.89749908447266,58.12076187133789,85.07715606689453
2018-01-26,40.20518112182617,70.10250091552734,58.39240646362305,86.67127227783203
2018-01-29,39.372989654541016,70.88400268554688,58.379493713378906,86.54225158691406
2018-01-30,39.14091491699219,71.89099884033203,57.78903579711914,85.45494842529297
2018-01-31,39.2487678527832,72.54450225830078,58.09941101074219,87.5466537475586
2018-02-01,39.3307991027832,69.5,57.98816680908203,86.85553741455078
2018-02-02,37.62422561645508,71.49749755859375,55.21713638305664,84.57037353515625
2018-02-05,36.68421173095703,69.5,52.43119812011719,81.08729553222656
2018-02-06,38.217308044433594,72.14199829101562,53.66277313232422,84.15570831298828
2018-02-07,37.399192810058594,70.83899688720703,52.07265090942383,82.57080078125
2018-02-08,36.37009048461914,67.5250015258789,49.73564529418945,78.33216857910156
2018-02-09,36.814945220947266,66.9800033569336,51.53632736206055,81.253173828125
2018-02-12,38.29780578613281,69.3115005493164,52.239505767822266,82.12852478027344
2018-02-13,38.68146514892578,70.72550201416016,52.24745559692383,82.7735366821289
2018-02-14,39.394649505615234,72.55249786376953,53.12147903442383,84.06962585449219
2018-02-15,40.71745681762695,73.08799743652344,54.105735778808594,85.78231811523438
2018-02-16,40.58565139770508,72.43450164794922,54.367950439453125,85.17127990722656
2018-02-20,40.449134826660156,73.4175033569336,54.74834442138672,85.8378677368164
2018-02-21,40.265541076660156,74.14600372314453,55.189327239990234,84.69918060302734
2018-02-22,40.60212326049805,74.26699829101562,54.95542907714844,84.92134094238281
2018-02-23,41.308250427246094,75.0,55.956573486328125,87.0783920288086
2018-02-26,42.124996185302734,76.09750366210938,56.79880905151367,88.33747100830078
2018-02-27,41.98847961425781,75.5989990234375,55.534461975097656,87.20800018310547
2018-02-28,41.9249267578125,75.62249755859375,54.86106872558594,86.80992126464844
2018-03-01,41.1905632019043,74.67250061035156,53.1125373840332,85.95820617675781
2018-03-02,41.47536087036133,75.01249694824219,53.579341888427734,86.14339447021484
2018-03-05,41.61894989013672,76.18049621582031,54.17576217651367,86.6895751953125
2018-03-06,41.583641052246094,76.88200378417969,54.380859375,86.39332580566406
2018-03-07,41.19761657714844,77.25,55.10490036010742,86.89324951171875
2018-03-08,41.647186279296875,77.59300231933594,55.91733932495117,87.42093658447266
2018-03-09,42.36271667480469,78.94450378417969,57.6077766418457,89.37433624267578
2018-03-12,42.772274017333984,79.91950225830078,57.82925796508789,89.58724975585938
2018-03-13,42.36036682128906,79.40899658203125,56.521705627441406,87.40242004394531
2018-03-14,42.000247955322266,79.55000305175781,57.083858489990234,86.88399505615234
2018-03-15,42.04967498779297,79.11599731445312,57.08832550048828,87.18948364257812
2018-03-16,41.9013786315918,78.58399963378906,56.400535583496094,87.57832336425781
2018-03-19,41.26118469238281,77.24649810791016,54.61723709106445,85.9952392578125
2018-03-20,41.247047424316406,79.32550048828125,54.51245880126953,86.21743774414062
2018-03-21,40.3126106262207,79.09300231933594,54.173274993896484,85.61567687988281
2018-03-22,39.74300003051758,77.24600219726562,52.09748458862305,83.12535095214844
2018-03-23,38.822696685791016,74.77799987792969,50.73133087158203,80.70906829833984
2018-03-26,40.66567611694336,77.79299926757812,52.302581787109375,86.8191909790039
2018-03-27,39.62296676635742,74.85250091552734,49.913429260253906,82.82909393310547
2018-03-28,39.1851692199707,71.57099914550781,49.886619567871094,82.75504302978516
2018-03-29,39.49115753173828,72.36699676513672,51.238861083984375,84.49549865722656
2018-04-02,39.23223876953125,68.59950256347656,49.98146438598633,81.94960021972656
2018-04-03,39.634742736816406,69.60250091552734,50.326107025146484,83.05126190185547
2018-04-04,40.39263916015625,70.52850341796875,50.90861511230469,85.47679138183594
2018-04-05,40.67274475097656,72.5875015258789,51.04121398925781,85.52310180664062
2018-04-06,39.63238525390625,70.2614974975586,50.00977325439453,83.5326919555664
2018-04-09,40.02545166015625,70.30400085449219,50.42741012573242,84.0325927734375
2018-04-10,40.778648376464844,71.81099700927734,51.23141098022461,85.98600006103516
2018-04-11,40.58800506591797,71.35250091552734,50.651878356933594,85.04167938232422
2018-04-12,40.98814010620117,72.42500305175781,51.27461624145508,86.63401794433594
2018-04-13,41.127010345458984,71.53949737548828,51.11371612548828,86.17115783691406
2018-04-16,41.38357162475586,72.07499694824219,51.5462532043457,87.18024444580078
2018-04-17,41.95317840576172,75.19149780273438,53.342960357666016,88.939208984375
2018-04-18,41.85901641845703,76.39199829101562,53.23966598510742,89.28173828125
2018-04-19,40.67274475097656,77.84549713134766,54.015357971191406,88.97624206542969
2018-04-20,39.006282806396484,76.37449645996094,53.28337097167969,87.94861602783203
2018-04-23,38.89329528808594,75.89299774169922,53.009742736816406,88.27265930175781
2018-04-24,38.35194778442383,73.00450134277344,50.652374267578125,86.20818328857422
2018-04-25,38.51905822753906,73.00849914550781,50.71196365356445,85.45829010009766
2018-04-26,38.65322494506836,75.89800262451172,51.648555755615234,87.2635269165039
2018-04-27,38.20601272583008,78.63099670410156,51.15245056152344,88.70777130126953
2018-04-30,38.89801788330078,78.30650329589844,50.52077102661133,86.5784912109375
2018-05-01,39.80185317993164,79.11299896240234,51.51298522949219,87.94861602783203
2018-05-02,41.56010437011719,78.48400115966797,50.870880126953125,86.56920623779297
2018-05-03,41.635414123535156,78.60399627685547,50.838104248046875,87.0876235961914
2018-05-04,43.2689323425293,79.04750061035156,52.054283142089844,88.0967788696289
2018-05-07,43.58197021484375,80.00700378417969,52.38104248046875,89.07808685302734
2018-05-08,43.79145050048828,79.61949920654297,52.33734130859375,88.6985092163086
2018-05-09,44.09978485107422,80.4000015258789,53.77003860473633,89.7446517944336
2018-05-10,44.7306022644043,80.4540023803711,54.5055046081543,90.64264678955078
2018-05-11,44.560462951660156,80.14550018310547,54.53976821899414,90.44821166992188
2018-05-14,44.456512451171875,80.0770034790039,54.636112213134766,90.75373077392578
2018-05-15,44.05246353149414,78.80599975585938,53.594730377197266,90.09642791748047
2018-05-16,44.463592529296875,79.36399841308594,53.72087860107422,90.32889556884766
2018-05-17,44.18241500854492,79.08799743652344,53.56295394897461,89.4269790649414
2018-05-18,44.0217399597168,78.71849822998047,52.95561218261719,89.59435272216797
2018-05-21,44.33364486694336,79.27300262451172,53.612117767333984,90.74727630615234
2018-05-22,44.22257995605469,79.06999969482422,53.12296676635742,90.65431213378906
2018-05-23,44.50612258911133,80.09300231933594,53.61758041381836,91.73286437988281
2018-05-24,44.456512451171875,80.15350341796875,53.59523010253906,91.40740966796875
2018-05-25,44.55811309814453,80.50749969482422,53.41745376586914,91.45391845703125
2018-05-29,44.39743423461914,80.64350128173828,52.655662536621094,91.12848663330078
2018-05-30,44.30292892456055,81.24449920654297,53.02711486816406,92.00247955322266
2018-05-31,44.154052734375,81.48100280761719,53.88078308105469,91.90019989013672
2018-06-01,44.95033264160156,82.0770034790039,55.594547271728516,93.71329498291016
2018-06-04,45.32604217529297,83.26349639892578,56.577327728271484,94.53152465820312
2018-06-05,45.67572784423828,84.81749725341797,56.595703125,95.0150146484375
2018-06-06,45.834022521972656,84.7874984741211,56.4576416015625,95.29393005371094
2018-06-07,45.71117401123047,84.46499633789062,55.81106948852539,93.79698944091797
2018-06-08,45.295310974121094,84.19950103759766,55.6625862121582,94.49433135986328
2018-06-11,45.18425369262695,84.45600128173828,56.11548614501953,93.95504760742188
2018-06-12,45.43234634399414,84.9375,56.57881546020508,94.19676971435547
2018-06-13,45.05903244018555,85.24299621582031,56.35385513305664,93.76910400390625
2018-06-14,45.08266067504883,86.19300079345703,57.2144660949707,94.299072265625
2018-06-15,44.61953353881836,85.79850006103516,57.22142028808594,93.09964752197266
2018-06-18,44.59591293334961,86.18949890136719,58.27421188354492,93.77838897705078
2018-06-19,43.87525939941406,86.73899841308594,58.006046295166016,93.77838897705078
2018-06-20,44.06663513183594,87.50399780273438,58.094444274902344,94.71749114990234
2018-06-21,43.82090377807617,86.51100158691406,57.48958206176758,94.03873443603516
2018-06-22,43.69330596923828,85.78350067138672,57.381324768066406,93.3599853515625
2018-06-25,43.04354476928711,83.15750122070312,55.858245849609375,91.48181915283203
2018-06-26,43.57754135131836,84.55449676513672,55.542903900146484,92.12335205078125
2018-06-27,43.51374053955078,83.02549743652344,54.82382583618164,90.69149780273438
2018-06-28,43.83036422729492,85.07250213623047,55.33234405517578,91.70497131347656
2018-06-29,43.73820495605469,84.98999786376953,55.40336227416992,91.68637084960938
2018-07-02,44.22732162475586,85.68900299072266,55.98984909057617,92.98807525634766
2018-07-03,43.457027435302734,84.697998046875,54.76969528198242,92.09547424316406
2018-07-05,43.806732177734375,84.98650360107422,55.83143615722656,92.755615234375
2018-07-06,44.41396713256836,85.53150177001953,56.62102508544922,94.0573501586914
2018-07-09,45.030670166015625,86.95099639892578,57.3103141784668,94.6988754272461
2018-07-10,44.97632598876953,87.15350341796875,57.250221252441406,94.9499282836914
2018-07-11,44.39271545410156,87.75,57.302860260009766,94.81974792480469
2018-07-12,45.13700485229492,89.83100128173828,58.77180862426758,96.87456512451172
2018-07-13,45.20789337158203,90.65149688720703,59.0369987487793,98.02749633789062
2018-07-16,45.108646392822266,91.12449645996094,58.790679931640625,97.54403686523438
2018-07-17,45.23623275756836,92.19650268554688,59.53260040283203,98.510986328125
2018-07-18,44.98814010620117,92.14600372314453,59.38758850097656,97.7392807006836
2018-07-19,45.33782958984375,90.64849853515625,58.94462966918945,97.06983184814453
2018-07-20,45.233882904052734,90.68499755859375,58.84281921386719,98.80855560302734
2018-07-23,45.27403259277344,90.0999984741211,59.86532974243164,100.38919067382812
2018-07-24,45.60248565673828,91.46199798583984,61.979854583740234,100.10094451904297
2018-07-25,46.03251266479492,93.18049621582031,62.75554656982422,103.04839324951172
2018-07-26,45.88837432861328,90.4000015258789,62.985469818115234,101.92333984375
2018-07-27,45.12517166137695,90.8635025024414,61.50410842895508,100.11954498291016
2018-07-30,44.872371673583984,88.96099853515625,60.572486877441406,97.97172546386719
2018-07-31,44.96215057373047,88.87200164794922,60.4493293762207,98.63187408447266
2018-08-01,47.610870361328125,89.8584976196289,60.58589553833008,98.81784057617188
2018-08-02,49.00257873535156,91.71649932861328,60.89080810546875,100.01726531982422
2018-08-03,49.14433670043945,91.16449737548828,60.76963424682617,100.45426177978516
2018-08-06,49.399539947509766,92.38749694824219,60.8222770690918,100.5379638671875
2018-08-07,48.93642044067383,93.1240005493164,61.688846588134766,101.23528289794922
2018-08-08,48.96949768066406,94.32599639892578,61.85719680786133,101.8024673461914
2018-08-09,49.354644775390625,94.9260025024414,62.03050994873047,101.96981811523438
2018-08-10,49.20762252807617,94.31500244140625,61.45991516113281,101.34687042236328
2018-08-13,49.52535629272461,94.80999755859375,61.33079528808594,100.61233520507812
2018-08-14,49.73401641845703,95.98249816894531,61.682891845703125,101.86756134033203
2018-08-15,49.8502082824707,94.13099670410156,60.306312561035156,100.48616790771484
2018-08-16,50.580509185791016,94.32599639892578,59.91448974609375,100.46746063232422
2018-08-17,51.59059143066406,94.11100006103516,59.63987350463867,100.41148376464844
2018-08-20,51.08792495727539,93.83550262451172,59.97805404663086,99.748779296875
2018-08-21,50.98832321166992,94.1709976196289,59.67264175415039,98.91812133789062
2018-08-22,50.99070739746094,95.24500274658203,59.956207275390625,99.9261474609375
2018-08-23,51.09504699707031,95.1449966430664,59.8593635559082,100.39280700683594
2018-08-24,51.25389862060547,95.26950073242188,60.61768341064453,101.17684173583984
2018-08-27,51.67595672607422,96.38400268554688,61.668983459472656,102.29688262939453
2018-08-28,52.0932731628418,96.64099884033203,61.13911056518555,102.91291809082031
2018-08-29,52.87099838256836,99.90499877929688,62.04043960571289,104.55562591552734
2018-08-30,53.35706329345703,100.11900329589844,61.5349006652832,104.49028778076172
2018-08-31,53.97355651855469,100.635498046875,60.49551010131836,104.84497833251953
2018-09-04,54.14665603637695,101.97550201416016,59.443214416503906,104.26628112792969
2018-09-05,53.79335021972656,99.74099731445312,58.9207878112793,101.2608413696289
2018-09-06,52.899444580078125,97.91549682617188,58.17389678955078,101.49419403076172
2018-09-07,52.47264862060547,97.60350036621094,57.84565353393555,100.99951171875
2018-09-10,51.76842498779297,96.95050048828125,57.83620834350586,102.091552734375
2018-09-11,53.07727813720703,99.35749816894531,58.467891693115234,103.82760620117188
2018-09-12,52.4181022644043,99.5,57.74582290649414,104.26628112792969
2018-09-13,53.68427658081055,99.49349975585938,58.36708068847656,105.38630676269531
2018-09-14,53.07490921020508,98.5094985961914,58.228031158447266,105.8156967163086
2018-09-17,51.6617317199707,95.40149688720703,57.40962600708008,104.66764831542969
2018-09-18,51.74709701538086,97.05249786376953,57.6663703918457,105.66632843017578
2018-09-19,51.77790832519531,96.32099914550781,58.15652084350586,104.25697326660156
2018-09-20,52.171512603759766,97.21499633789062,58.94015884399414,106.00234985351562
2018-09-21,51.609554290771484,95.75050354003906,57.90821838378906,106.64636993408203
2018-09-24,52.35173034667969,96.71800231933594,58.26974105834961,107.02903747558594
2018-09-25,52.683677673339844,98.72750091552734,58.82991027832031,106.8237075805664
2018-09-26,52.26398849487305,98.74250030517578,58.62332534790039,106.38502502441406
2018-09-27,53.33810043334961,100.64900207519531,59.32601547241211,106.78639221191406
2018-09-28,53.52541732788086,100.1500015258789,59.26791000366211,106.74903869628906
2018-10-01,53.88582229614258,100.21800231933594,59.359291076660156,107.90643310546875
2018-10-02,54.36479568481445,98.56549835205078,59.59765625,107.47706604003906
2018-10-03,55.026336669921875,97.63800048828125,59.73869323730469,107.4957275390625
2018-10-04,54.05891418457031,95.47100067138672,58.012508392333984,105.2743148803711
2018-10-05,53.181617736816406,94.48249816894531,57.47418975830078,104.65829467773438
2018-10-08,53.058311462402344,93.22100067138672,57.058040618896484,103.46359252929688
2018-10-09,53.79335021972656,93.51599884033203,56.55398941040039,104.77965545654297
2018-10-10,51.30131912231445,87.76249694824219,53.69356155395508,99.08612823486328
2018-10-11,50.84844207763672,85.96800231933594,53.59920883178711,98.85277557373047
2018-10-12,52.664710998535156,89.43049621582031,55.12675476074219,102.26889038085938
2018-10-15,51.53843688964844,88.04750061035156,54.24131774902344,100.43016815185547
2018-10-16,52.6741943359375,90.99800109863281,55.682945251464844,103.6036148071289
2018-10-17,52.446571350097656,91.58650207519531,55.40534973144531,103.33293914794922
2018-10-18,51.220699310302734,88.53600311279297,54.02876663208008,101.27018737792969
2018-10-19,52.00080108642578,88.20149993896484,54.450382232666016,101.41952514648438
2018-10-22,52.31853103637695,89.46499633789062,54.683780670166016,102.32490539550781
2018-10-23,52.81171798706055,88.43499755859375,54.80942916870117,100.89685821533203
2018-10-24,51.00018310546875,83.20999908447266,52.178436279296875,95.50198364257812
2018-10-25,52.11698532104492,89.1084976196289,54.406185150146484,101.0835189819336
2018-10-26,51.2870979309082,82.1405029296875,53.20937728881836,99.83280181884766
2018-10-29,50.32442092895508,76.94400024414062,50.65734100341797,96.9300308227539
2018-10-30,50.57575988769531,76.52100372314453,51.45835876464844,96.81803131103516
2018-10-31,51.894100189208984,79.90049743652344,53.47257614135742,99.69279479980469
2018-11-01,52.6907958984375,83.27649688720703,53.136375427246094,98.86210632324219
2018-11-02,49.19577407836914,83.27649688720703,52.53002166748047,99.08612823486328
2018-11-05,47.79917907714844,81.38999938964844,51.651039123535156,100.34617614746094
2018-11-06,48.316097259521484,82.1405029296875,52.431697845458984,100.54216766357422
2018-11-07,49.78144073486328,87.77449798583984,54.29792404174805,104.49964141845703
2018-11-08,49.60774612426758,87.74549865722656,53.752159118652344,104.30363464355469
2018-11-09,48.651222229003906,85.62149810791016,52.9451789855957,102.26889038085938
2018-11-12,46.20045852661133,81.84249877929688,51.57853698730469,99.748779296875
2018-11-13,45.738861083984375,81.55850219726562,51.450408935546875,99.81413269042969
2018-11-14,44.44685745239258,79.95050048828125,51.82832336425781,98.39867401123047
2018-11-15,45.54377365112305,80.97200012207031,52.8736686706543,100.56404876708984
2018-11-16,46.048179626464844,79.67050170898438,52.713768005371094,101.51082611083984
2018-11-19,44.223201751708984,75.614501953125,50.65336608886719,98.07058715820312
2018-11-20,42.110321044921875,74.77300262451172,50.93940353393555,95.34276580810547
2018-11-21,42.06272506713867,75.83650207519531,51.52788162231445,96.65509796142578
2018-11-23,40.994388580322266,75.10299682617188,50.846046447753906,96.61763000488281
2018-11-26,41.548770904541016,79.06649780273438,52.074642181396484,99.8047866821289
2018-11-27,41.4583625793457,79.07099914550781,51.865570068359375,100.43281555175781
2018-11-28,43.05253219604492,83.88749694824219,53.94235610961914,104.16366577148438
2018-11-29,42.72182083129883,83.67849731445312,54.04515838623047,103.29187774658203
2018-11-30,42.49101257324219,84.50849914550781,54.349571228027344,103.94807434082031
2018-12-03,43.97574996948242,88.61799621582031,54.94549560546875,105.07292938232422
2018-12-04,42.04132080078125,83.41999816894531,52.18389129638672,101.7264175415039
2018-12-06,41.572566986083984,84.95950317382812,53.07331085205078,102.35448455810547
2018-12-07,40.09022521972656,81.45649719238281,51.47673416137695,98.258056640625
2018-12-10,40.35432815551758,82.05149841308594,51.62421798706055,100.8546371459961
2018-12-11,40.12352752685547,82.16200256347656,52.23007583618164,101.79206085205078
2018-12-12,40.23536682128906,83.177001953125,52.8225212097168,102.25138092041016
2018-12-13,40.675540924072266,82.91899871826172,52.734127044677734,102.59819030761719
2018-12-14,39.374019622802734,79.59549713134766,51.7508544921875,99.39230346679688
2018-12-17,39.007606506347656,76.04550170898438,50.48104476928711,96.44886016845703
2018-12-18,39.514404296875,77.5739974975586,51.085906982421875,97.46126556396484
2018-12-19,38.28188705444336,74.75399780273438,50.80284118652344,97.19882202148438
2018-12-20,37.315853118896484,73.04149627685547,50.127464294433594,95.1552734375
2018-12-21,35.86442947387695,68.87249755859375,48.64411926269531,92.08061218261719
2018-12-24,34.93647384643555,67.197998046875,48.479244232177734,88.23726654052734
2018-12-26,37.396759033203125,73.54499816894531,51.619754791259766,94.26473999023438
2018-12-27,37.154052734375,73.08200073242188,51.83924865722656,94.84591674804688
2018-12-28,37.173099517822266,73.9010009765625,51.501564025878906,94.10539245605469
2018-12-31,37.53238296508789,75.09850311279297,51.42856216430664,95.21151733398438
2019-01-02,37.5752067565918,76.95649719238281,51.93708038330078,94.78968048095703
2019-01-03,33.83244323730469,75.01399993896484,50.45770263671875,91.30256652832031
2019-01-04,35.27672576904297,78.76950073242188,53.171634674072266,95.54895782470703
2019-01-07,35.198204040527344,81.47550201416016,53.056419372558594,95.67084503173828
2019-01-08,35.86919403076172,82.8290023803711,53.448238372802734,96.36453247070312
2019-01-09,36.47831726074219,82.97100067138672,53.36779022216797,97.74248504638672
2019-01-10,36.594905853271484,82.81099700927734,53.15276336669922,97.11444854736328
2019-01-11,36.2356071472168,82.02799987792969,52.50022506713867,96.36453247070312
2019-01-14,35.690731048583984,80.8604965209961,51.87947463989258,95.6614761352539
2019-01-15,36.42120361328125,83.72799682617188,53.49143981933594,98.43617248535156
2019-01-16,36.86616516113281,84.18900299072266,53.68114471435547,98.78299713134766
2019-01-17,37.08504867553711,84.66100311279297,54.124610900878906,99.47667694091797
2019-01-18,37.313480377197266,84.80999755859375,54.53976821899414,100.96712493896484
2019-01-22,36.47593307495117,81.6084976196289,53.16219711303711,99.0642318725586
2019-01-23,36.62344741821289,82.0009994506836,53.41297912597656,100.02973937988281
2019-01-24,36.33317565917969,82.74649810791016,53.33005142211914,99.55168151855469
2019-01-25,37.537139892578125,83.52850341796875,54.17873764038086,100.46092987060547
2019-01-28,37.18975067138672,81.89450073242188,53.140350341796875,98.50179290771484
2019-01-29,36.804290771484375,79.69400024414062,52.67055892944336,96.49576568603516
2019-01-30,39.31929397583008,83.52149963378906,54.0828971862793,99.72037506103516
2019-01-31,39.602439880371094,85.9365005493164,55.43911361694336,97.8924789428711
2019-02-01,39.62146759033203,81.3115005493164,55.16002655029297,96.34577178955078
2019-02-04,40.74692916870117,81.66549682617188,56.255027770996094,99.12046813964844
2019-02-05,41.44408416748047,82.94049835205078,56.91004943847656,100.5078125
2019-02-06,41.4583625793457,82.01300048828125,55.382503509521484,99.39230346679688
2019-02-07,40.67316436767578,80.71849822998047,54.56211853027344,98.67987060546875
2019-02-08,40.72095489501953,79.41100311279297,54.380859375,99.05484008789062
2019-02-11,40.48677444458008,79.55000305175781,54.378379821777344,98.66112518310547
2019-02-12,40.835662841796875,81.90049743652344,55.68741226196289,100.1984634399414
2019-02-13,40.665985107421875,82.0,55.62732696533203,100.12347412109375
2019-02-14,40.81414031982422,81.13249969482422,55.70231246948242,100.20784759521484
2019-02-15,40.72334671020508,80.39749908447266,55.30404281616211,101.44520568847656
2019-02-19,40.84522247314453,81.37899780273438,55.547874450683594,101.39834594726562
2019-02-20,41.10807800292969,81.1050033569336,55.31148910522461,100.87115478515625
2019-02-21,40.876277923583984,80.97200012207031,54.4757080078125,102.99871826171875
2019-02-22,41.332679748535156,81.5780029296875,55.14115524291992,104.46730041503906
2019-02-25,41.63378143310547,81.6500015258789,55.09298324584961,105.05096435546875
2019-02-26,41.65767288208008,81.81999969482422,55.37753677368164,105.77584838867188
2019-02-27,41.78670883178711,82.05449676513672,55.42322540283203,105.59700012207031
2019-02-28,41.375694274902344,81.99150085449219,55.61540603637695,105.46521759033203
2019-03-01,41.810611724853516,83.58650207519531,56.661746978759766,105.93590545654297
2019-03-04,42.02089309692383,84.80850219726562,56.999935150146484,105.68169403076172
2019-03-05,41.94442367553711,84.62149810791016,57.706600189208984,105.15453338623047
2019-03-06,41.70307540893555,83.44750213623047,57.49951171875,105.20162200927734
2019-03-07,41.220375061035156,81.29750061035156,56.77646255493164,103.92130279541016
2019-03-08,41.31835174560547,81.04000091552734,56.72779846191406,104.03424835205078
2019-03-11,42.74971389770508,83.53099822998047,58.388427734375,106.21830749511719
2019-03-12,43.23002243041992,83.65499877929688,59.2545051574707,106.96202087402344
2019-03-13,43.421199798583984,84.54049682617188,59.26046371459961,107.79046630859375
2019-03-14,43.90387725830078,84.31099700927734,58.87460708618164,107.87517547607422
2019-03-15,44.47499465942383,85.61799621582031,58.82047653198242,109.11782836914062
2019-03-18,44.92901611328125,87.10749816894531,58.810543060302734,110.6805648803711
2019-03-19,44.57298278808594,88.09249877929688,59.53508758544922,110.75587463378906
2019-03-20,44.962467193603516,89.8635025024414,60.78254699707031,110.63348388671875
2019-03-21,46.61845779418945,90.96299743652344,61.158477783203125,113.17527770996094
2019-03-22,45.65306091308594,88.2385025024414,59.86532974243164,110.19102478027344
2019-03-25,45.1010627746582,88.71299743652344,59.244571685791016,110.7652816772461
2019-03-26,44.635093688964844,89.18800354003906,58.82841873168945,111.0006103515625
2019-03-27,45.03655242919922,88.28500366210938,58.25236511230469,109.92743682861328
2019-03-28,45.09629821777344,88.6709976196289,58.027400970458984,110.07808685302734
2019-03-29,45.39020919799805,89.0374984741211,58.26676559448242,111.02888488769531
2019-04-01,45.698463439941406,90.70950317382812,59.315589904785156,112.04557800292969
2019-04-02,46.36277389526367,90.6989974975586,59.61653518676758,112.20564270019531
2019-04-03,46.68058395385742,91.03500366210938,59.88618469238281,112.93992614746094
2019-04-04,46.7618293762207,90.94300079345703,60.33709716796875,112.36566925048828
2019-04-05,47.074867248535156,91.86399841308594,59.947265625,112.86460876464844
2019-04-08,47.81564712524414,92.49299621582031,59.78289031982422,112.90225982666016
2019-04-09,47.6722526550293,91.79199981689453,59.45562744140625,112.29033660888672
2019-04-10,47.93989562988281,92.36650085449219,59.699462890625,113.14701843261719
2019-04-11,47.54083251953125,92.20349884033203,59.82162094116211,113.27883911132812
2019-04-12,47.52172088623047,92.15299987792969,60.4796257019043,113.86248016357422
2019-04-15,47.60774612426758,92.24349975585938,60.6400260925293,113.9566421508789
2019-04-16,47.61252212524414,93.1520004272461,60.93946838378906,113.69303131103516
2019-04-17,48.53968048095703,93.24099731445312,61.39684295654297,114.63444519042969
2019-04-18,48.7141227722168,93.08450317382812,61.398338317871094,116.14067840576172
2019-04-22,48.874229431152344,94.3655014038086,62.01759719848633,116.50782775878906
2019-04-23,49.579158782958984,96.1884994506836,62.797760009765625,118.08939361572266
2019-04-24,49.50269317626953,95.0875015258789,62.3731575012207,117.68458557128906
2019-04-25,49.053443908691406,95.11250305175781,62.743133544921875,121.58198547363281
2019-04-26,48.81925964355469,97.53150177001953,63.176666259765625,122.27859497070312
2019-04-29,48.89335250854492,96.92150115966797,63.941429138183594,122.16565704345703
2019-04-30,47.95184326171875,96.32599639892578,59.020111083984375,122.94702911376953
2019-05-01,50.30559158325195,95.57599639892578,58.00703811645508,120.38639831542969
2019-05-02,49.97821807861328,95.04100036621094,57.735408782958984,118.81425476074219
2019-05-03,50.599510192871094,98.12300109863281,58.867156982421875,121.34664154052734
2019-05-06,49.81812286376953,97.52749633789062,59.065303802490234,120.64057922363281
2019-05-07,48.475162506103516,96.05000305175781,58.30600357055664,118.1646957397461
2019-05-08,48.484718322753906,95.88849639892578,57.917152404785156,118.15528869628906
2019-05-09,47.96379470825195,94.99349975585938,57.72397994995117,118.14586639404297
2019-05-10,47.29932403564453,94.4990005493164,57.81783676147461,119.68035125732422
2019-05-13,44.55031967163086,91.13400268554688,56.216793060302734,116.12186431884766
2019-05-14,45.25557327270508,92.00599670410156,55.641231536865234,117.42101287841797
2019-05-15,45.797691345214844,93.55750274658203,57.814857482910156,119.07453918457031
2019-05-16,45.59618377685547,95.37850189208984,58.54833984375,121.82415771484375
2019-05-17,45.33712387084961,93.44999694824219,57.720008850097656,121.01158142089844
2019-05-20,43.91943359375,92.94850158691406,56.555477142333984,119.26353454589844
2019-05-21,44.761409759521484,92.8759994506836,57.0908088684082,119.90603637695312
2019-05-22,43.84507369995117,92.98400115966797,57.17970657348633,120.63359069824219
2019-05-23,43.096656799316406,90.77400207519531,56.65082550048828,119.22573852539062
2019-05-24,42.93113327026367,91.16400146484375,56.28830337524414,119.28240966796875
2019-05-28,42.753623962402344,91.82150268554688,56.32207107543945,119.20683288574219
2019-05-29,42.54972839355469,90.95950317382812,55.44358825683594,118.0540771484375
2019-05-30,42.770423889160156,90.81600189208984,55.517578125,118.80052947998047
2019-05-31,41.995609283447266,88.75350189208984,54.80644989013672,116.8635025024414
2019-06-03,41.571014404296875,84.6344985961914,51.4593505859375,113.23516082763672
2019-06-04,43.091854095458984,86.47799682617188,52.29463577270508,116.37217712402344
2019-06-05,43.78749465942383,86.92500305175781,51.75681686401367,118.89501953125
2019-06-06,44.430381774902344,87.71800231933594,51.862091064453125,120.77532958984375
2019-06-07,45.612979888916016,90.20149993896484,52.93972396850586,124.15804290771484
2019-06-10,46.19588851928711,93.03150177001953,53.6518440246582,125.29190063476562
2019-06-11,46.73080825805664,93.18499755859375,53.56941223144531,124.8194351196289
2019-06-12,46.58208465576172,92.76599884033203,53.4854850769043,124.24310302734375
2019-06-13,46.5724983215332,93.51499938964844,54.0684928894043,125.02734375
2019-06-14,46.23426055908203,93.4834976196289,53.89865493774414,125.15016174316406
2019-06-17,46.51013946533203,94.30149841308594,54.25373077392578,125.5280990600586
2019-06-18,47.60398483276367,95.06849670410156,54.804954528808594,127.71076965332031
2019-06-19,47.464847564697266,95.43949890136719,54.74188995361328,128.2116241455078
2019-06-20,47.846256256103516,95.90950012207031,55.19329833984375,129.40216064453125
2019-06-21,47.68313217163086,95.56500244140625,55.71274948120117,129.42105102539062
2019-06-24,47.63516616821289,95.69499969482422,55.396907806396484,130.1864013671875
2019-06-25,46.91312789916992,93.91349792480469,53.94831466674805,126.07612609863281
2019-06-26,47.92781448364258,94.8915023803711,53.623050689697266,126.54857635498047
2019-06-27,47.91342544555664,95.21399688720703,53.43482971191406,126.75646209716797
2019-06-28,47.47684860229492,94.68150329589844,53.678165435791016,126.57695007324219
2019-07-01,48.347599029541016,96.1094970703125,54.524375915527344,128.2021484375
2019-07-02,48.63064956665039,96.71549987792969,55.184852600097656,129.05255126953125
2019-07-03,49.033660888671875,96.94999694824219,55.697845458984375,129.88404846191406
2019-07-05,48.990474700927734,97.14550018310547,56.19493865966797,129.506103515625
2019-07-08,47.980587005615234,97.61599731445312,55.43812561035156,129.41160583496094
2019-07-09,48.27322769165039,99.41500091552734,55.8592414855957,128.9391326904297
2019-07-10,48.750614166259766,100.87049865722656,56.636417388916016,130.25253295898438
2019-07-11,48.39556884765625,100.05349731445312,56.821651458740234,130.77220153808594
2019-07-12,48.76738357543945,100.55000305175781,56.85592269897461,131.24465942382812
2019-07-15,49.225555419921875,101.04949951171875,57.126068115234375,131.24465942382812
2019-07-16,49.05525588989258,100.49500274658203,57.28697204589844,129.52500915527344
2019-07-17,48.77939224243164,99.60150146484375,56.92792892456055,128.7596435546875
2019-07-18,49.333499908447266,98.8949966430664,56.92693328857422,128.9013671875
2019-07-19,48.597068786621094,98.22599792480469,56.120948791503906,129.09031677246094
2019-07-22,49.70771026611328,99.28150177001953,56.51674270629883,130.80059814453125
2019-07-23,50.096317291259766,99.72450256347656,56.92097473144531,131.6131591796875
2019-07-24,50.055538177490234,100.04049682617188,56.50382995605469,132.9644012451172
2019-07-25,49.65974426269531,98.69100189208984,56.22126007080078,132.46359252929688
2019-07-26,49.83245086669922,97.15249633789062,62.09556579589844,133.55018615722656
2019-07-29,50.29781723022461,95.62249755859375,61.5493049621582,133.25729370117188
2019-07-30,50.08191680908203,94.92649841308594,60.84065246582031,132.61477661132812
2019-07-31,51.10381317138672,93.33899688720703,60.42052459716797,128.7596435546875
2019-08-01,49.99796676635742,92.76599884033203,60.039634704589844,130.4509735107422
2019-08-02,48.94010925292969,91.16200256347656,59.293739318847656,129.3549041748047
2019-08-05,46.37819290161133,88.25650024414062,57.22439956665039,124.92340087890625
2019-08-06,47.25614547729492,89.3915023803711,58.099910736083984,127.26668548583984
2019-08-07,47.745506286621094,89.66999816894531,58.300540924072266,127.82417297363281
2019-08-08,48.798583984375,91.64450073242188,59.83056640625,131.23521423339844
2019-08-09,48.39646911621094,90.37899780273438,58.996768951416016,130.12026977539062
2019-08-12,48.27364730834961,89.24600219726562,58.33628845214844,128.3061065673828
2019-08-13,50.317962646484375,91.21700286865234,59.45661926269531,130.96119689941406
2019-08-14,48.82024002075195,88.14800262451172,57.81883239746094,127.01742553710938
2019-08-15,48.57704544067383,88.80599975585938,57.96632385253906,126.7330093383789
2019-08-16,49.72320556640625,89.62850189208984,58.47980880737305,129.0556640625
2019-08-19,50.65026092529297,90.80599975585938,59.515220642089844,131.21714782714844
2019-08-20,50.65265655517578,90.06900024414062,58.732574462890625,130.1269073486328
2019-08-21,51.201663970947266,91.177001953125,59.15766525268555,131.57742309570312
2019-08-22,51.158321380615234,90.23300170898438,59.07225799560547,130.61988830566406
2019-08-23,48.79375076293945,87.48100280761719,57.173248291015625,126.4580307006836
2019-08-26,49.72079086303711,88.44349670410156,58.047264099121094,128.41102600097656
2019-08-27,49.159759521484375,88.09149932861328,57.99512481689453,128.68592834472656
2019-08-28,49.489646911621094,88.2125015258789,58.153045654296875,128.5152587890625
2019-08-29,50.32759094238281,89.31999969482422,59.23712921142578,130.94224548339844
2019-08-30,50.262569427490234,88.81449890136719,59.00123596191406,130.6957550048828
2019-09-03,49.53057861328125,89.49199676513672,58.022438049316406,128.9703369140625
2019-09-04,50.370933532714844,90.03099822998047,58.669010162353516,130.47772216796875
2019-09-05,51.35576629638672,92.03600311279297,60.15732955932617,132.77198791503906
2019-09-06,51.350948333740234,91.67549896240234,59.8370246887207,131.87132263183594
2019-09-09,51.570072174072266,91.56749725341797,59.81120300292969,130.37344360351562
2019-09-10,52.17926788330078,91.02749633789062,59.89015579223633,129.00828552246094
2019-09-11,53.83830642700195,91.14949798583984,60.593841552734375,129.046142578125
2019-09-12,53.717918395996094,92.17749786376953,61.293060302734375,130.37344360351562
2019-09-13,52.67289352416992,91.96700286865234,61.55675506591797,130.183837890625
2019-09-16,52.94980239868164,90.39199829101562,61.14655303955078,129.2452850341797
2019-09-17,53.142433166503906,91.12750244140625,61.03978729248047,130.2501983642578
2019-09-18,53.640872955322266,90.87300109863281,61.201683044433594,131.32147216796875
2019-09-19,53.20503616333008,91.07499694824219,61.5145378112793,133.73890686035156
2019-09-20,52.427284240722656,89.70800018310547,61.07852554321289,132.19366455078125
2019-09-23,52.6656608581543,89.26499938964844,61.28213119506836,131.90921020507812
2019-09-24,52.415245056152344,87.08049774169922,60.52381896972656,130.24070739746094
2019-09-25,53.22188949584961,88.41649627685547,61.90238571166992,132.11781311035156
2019-09-26,52.94738006591797,86.99199676513672,61.64762496948242,132.2884063720703
2019-09-27,52.68974304199219,86.27249908447266,60.838172912597656,130.57249450683594
2019-09-30,53.92981719970703,86.79550170898438,60.53573226928711,131.80494689941406
2019-10-01,54.079105377197266,86.78250122070312,59.845462799072266,129.94683837890625
2019-10-02,52.72346115112305,85.6614990234375,58.43163299560547,127.652587890625
2019-10-03,53.17132568359375,86.22100067138672,58.98782730102539,129.19786071777344
2019-10-04,54.66181182861328,86.98249816894531,60.03913879394531,130.94224548339844
2019-10-07,54.67385482788086,86.63300323486328,59.97358703613281,129.99420166015625
2019-10-08,54.03335952758789,85.27549743652344,59.052391052246094,128.61959838867188
2019-10-09,54.66663360595703,86.09950256347656,59.706912994384766,131.05599975585938
2019-10-10,55.4034538269043,86.01300048828125,60.02274703979492,131.87132263183594
2019-10-11,56.87709045410156,86.59600067138672,60.35944366455078,132.4212188720703
2019-10-14,56.79521942138672,86.82150268554688,60.44336700439453,132.2979278564453
2019-10-15,56.66278839111328,88.36900329589844,61.72807693481445,134.2129364013672
2019-10-16,56.43403244018555,88.87149810791016,61.759368896484375,133.1132354736328
2019-10-17,56.65314865112305,89.3740005493164,62.227657318115234,132.4306182861328
2019-10-18,56.92524719238281,87.87550354003906,61.85123825073242,130.2691192626953
2019-10-21,57.91248321533203,89.28299713134766,61.884010314941406,131.23619079589844
2019-10-22,57.780052185058594,88.2864990234375,61.717647552490234,129.283203125
2019-10-23,58.55540084838867,88.1084976196289,62.528602600097656,130.10800170898438
2019-10-24,58.6517219543457,89.03900146484375,62.620967864990234,132.66766357421875
2019-10-25,59.374088287353516,88.06649780273438,62.82656478881836,133.4165802001953
2019-10-28,59.96883773803711,88.85399627685547,64.06161499023438,136.69677734375
2019-10-29,58.581878662109375,88.135498046875,62.7019157409668,135.40745544433594
2019-10-30,58.57465362548828,88.99949645996094,62.635868072509766,137.094970703125
2019-10-31,59.89899444580078,88.83300018310547,62.577266693115234,135.91940307617188
2019-11-01,61.5989875793457,89.5719985961914,63.25413513183594,136.25123596191406
2019-11-04,62.00352478027344,90.23300170898438,64.12964630126953,137.03810119628906
2019-11-05,61.914424896240234,90.08550262451172,64.16242218017578,136.95281982421875
2019-11-06,61.940914154052734,89.78849792480469,64.15098571777344,136.5735626220703
2019-11-07,62.655792236328125,89.41000366210938,64.99820709228516,136.76316833496094
2019-11-08,62.82726287841797,89.29399871826172,65.12284088134766,138.37481689453125
2019-11-11,63.32477951049805,88.5824966430664,64.51798248291016,138.51699829101562
2019-11-12,63.26681900024414,88.9000015258789,64.49861145019531,139.42718505859375
2019-11-13,63.873016357421875,87.65550231933594,64.45889282226562,139.65463256835938
2019-11-14,63.43105697631836,87.7300033569336,65.12730407714844,140.36572265625
2019-11-15,64.18458557128906,86.97450256347656,66.28987121582031,142.17645263671875
2019-11-18,64.50818634033203,87.62650299072266,65.586181640625,142.5271759033203
2019-11-19,64.31258392333984,87.6395034790039,65.32596588134766,142.5746307373047
2019-11-20,63.563865661621094,87.27649688720703,64.70967102050781,142.32725524902344
2019-11-21,63.27890396118164,86.7354965209961,64.62523651123047,142.194091796875
2019-11-22,63.22334289550781,87.28600311279297,64.32678985595703,142.29876708984375
2019-11-25,64.3318862915039,88.69200134277344,64.89044189453125,143.8588104248047
2019-11-26,63.82955551147461,89.84700012207031,65.23110961914062,144.61981201171875
2019-11-27,64.68692016601562,90.92549896240234,65.20328521728516,144.8957061767578
2019-11-29,64.5444107055664,90.04000091552734,64.80452728271484,144.00149536132812
2019-12-02,63.79813766479492,89.08000183105469,64.05763244628906,142.26072692871094
2019-12-03,62.66062927246094,88.49800109863281,64.32382202148438,142.03236389160156
2019-12-04,63.21367645263672,88.03450012207031,65.57823181152344,142.5460968017578
2019-12-05,64.1410903930664,87.02400207519531,65.95515441894531,142.62217712402344
2019-12-06,65.38005828857422,87.58000183105469,66.57540130615234,144.3534698486328
2019-12-09,64.46471405029297,87.47550201416016,66.7214126586914,143.98245239257812
2019-12-10,64.84150695800781,86.96050262451172,66.77603912353516,143.76370239257812
2019-12-11,65.39456176757812,87.43599700927734,66.79391479492188,144.305908203125
2019-12-12,65.56118774414062,88.0165023803711,67.05463409423828,145.77084350585938
2019-12-13,66.45236206054688,88.0469970703125,66.93345642089844,146.9979248046875
2019-12-16,67.58988952636719,88.46050262451172,67.5959243774414,147.94921875
2019-12-17,67.72274780273438,89.53299713134766,67.29547882080078,147.150146484375
2019-12-18,67.56092071533203,89.20149993896484,67.17131805419922,146.84576416015625
2019-12-19,67.6285629272461,89.61399841308594,67.3411636352539,148.12042236328125
2019-12-20,67.48847961425781,89.32499694824219,67.02085876464844,149.7376251220703
2019-12-23,68.58976745605469,89.6500015258789,66.9836196899414,149.7376251220703
2019-12-24,68.65499114990234,89.46050262451172,66.7214126586914,149.7090606689453
2019-12-26,70.0171127319336,93.4384994506836,67.55768585205078,150.9361572265625
2019-12-27,69.99055480957031,93.48999786376953,67.13507843017578,151.2120819091797
2019-12-30,70.40592193603516,92.34449768066406,66.3529281616211,149.90882873535156
2019-12-31,70.92037200927734,92.39199829101562,66.3966293334961,150.01345825195312
2020-01-02,72.53852081298828,94.90049743652344,67.90382385253906,152.7910919189453
2020-01-03,71.83330535888672,93.74849700927734,67.57059478759766,150.8886260986328
2020-01-06,72.40567016601562,95.14399719238281,69.23670196533203,151.2786102294922
2020-01-07,72.06513214111328,95.34300231933594,69.19348907470703,149.89927673339844
2020-01-08,73.22439575195312,94.59850311279297,69.73876953125,152.28697204589844
2020-01-09,74.77974700927734,95.05249786376953,70.50899505615234,154.189453125
2020-01-10,74.94880676269531,94.15799713134766,71.0006332397461,153.47604370117188
2020-01-13,76.55005645751953,94.56500244140625,71.4723892211914,155.3214874267578
2020-01-14,75.51636505126953,93.47200012207031,71.05772399902344,154.22750854492188
2020-01-15,75.1927490234375,93.10099792480469,71.47090911865234,155.22634887695312
2020-01-16,76.1346206665039,93.89700317382812,72.0916519165039,158.07061767578125
2020-01-17,76.97752380371094,93.23600006103516,73.51641082763672,158.95530700683594
2020-01-21,76.45585632324219,94.5999984741211,73.71554565429688,158.3845672607422
2020-01-22,76.72877502441406,94.37300109863281,73.79251098632812,157.62351989746094
2020-01-23,77.09829711914062,94.22899627685547,73.82727813720703,158.59381103515625
2020-01-24,76.87608337402344,93.08200073242188,72.83706665039062,156.99569702148438
2020-01-27,74.61552429199219,91.41699981689453,71.20770263671875,154.3702392578125
2020-01-28,76.72634887695312,92.6624984741211,72.13435363769531,157.3952178955078
2020-01-29,78.3324203491211,92.9000015258789,72.43580627441406,159.84942626953125
2020-01-30,78.21890258789062,93.53399658203125,72.29724884033203,164.35842895507812
2020-01-31,74.75077056884766,100.43599700927734,71.2240982055664,161.93272399902344
2020-02-03,74.54547882080078,100.20999908447266,73.7920150756836,165.8804473876953
2020-02-04,77.00652313232422,102.4834976196289,71.86172485351562,171.3406524658203
2020-02-05,77.63443756103516,101.99349975585938,71.9193344116211,171.13136291503906
2020-02-06,78.54254913330078,102.5114974975586,73.30982208251953,174.67959594726562
2020-02-07,77.47492218017578,103.96399688720703,73.45880126953125,174.92694091796875
2020-02-10,77.84291076660156,106.69550323486328,74.92129516601562,179.50245666503906
2020-02-11,77.37322998046875,107.54000091552734,74.92675018310547,175.4501190185547
2020-02-12,79.21070861816406,108.0,75.39752960205078,175.7069549560547
2020-02-13,78.64662170410156,107.49349975585938,75.21826171875,174.75567626953125
2020-02-14,78.6659927368164,106.74349975585938,75.52019500732422,176.31573486328125
2020-02-18,77.22559356689453,107.78350067138672,75.46704864501953,178.10415649414062
2020-02-19,78.34402465820312,108.51100158691406,75.815673828125,178.63829040527344
2020-02-20,77.54029846191406,107.65499877929688,75.39157104492188,175.91024780273438
2020-02-21,75.78515625,104.79850006103516,73.75080871582031,170.3492889404297
2020-02-24,72.18534088134766,100.4645004272461,70.59638977050781,163.0045623779297
2020-02-25,69.74027252197266,98.63700103759766,68.9506607055664,160.314697265625
2020-02-26,70.84661102294922,98.97949981689453,69.18553924560547,162.31777954101562
2020-02-27,66.2154769897461,94.21499633789062,65.4565658569336,150.88104248046875
2020-02-28,66.17674255371094,94.1875,66.51133728027344,154.53433227539062
2020-03-02,72.33785247802734,97.69750213623047,68.98342895507812,164.81690979003906
2020-03-03,70.04045104980469,95.44950103759766,66.61365509033203,156.91891479492188
2020-03-04,73.28925323486328,98.79149627685547,68.85480499267578,162.68028259277344
2020-03-05,70.9119644165039,96.20149993896484,65.50373840332031,158.59774780273438
2020-03-06,69.97024536132812,95.05449676513672,64.47924041748047,154.1146240234375
2020-03-09,64.4361572265625,90.03050231933594,60.364906311035156,143.6698760986328
2020-03-10,69.07695770263672,94.59100341796875,63.58437728881836,153.4945831298828
2020-03-11,66.67786407470703,91.04299926757812,60.357460021972656,146.541015625
2020-03-12,60.09312057495117,83.83049774169922,55.366607666015625,132.643310546875
2020-03-13,67.29277038574219,89.25,60.571990966796875,151.50103759765625
2020-03-16,58.635765075683594,84.4574966430664,53.84800338745117,129.17129516601562
2020-03-17,61.21398162841797,90.39199829101562,55.60945129394531,139.80677795410156
2020-03-18,59.71546936035156,91.5,54.46726608276367,133.92144775390625
2020-03-19,59.2579231262207,94.04650115966797,55.38547897338867,136.1248779296875
2020-03-20,55.49589538574219,92.30449676513672,53.2515869140625,131.01222229003906
2020-03-23,54.31694030761719,95.1415023803711,52.471923828125,129.70542907714844
2020-03-24,59.766300201416016,97.00499725341797,56.337467193603516,141.49510192871094
2020-03-25,59.437068939208984,94.29199981689453,54.74983215332031,140.140625
2020-03-26,62.56482696533203,97.77449798583984,57.69269561767578,148.90655517578125
2020-03-27,59.9744987487793,95.00499725341797,55.15803527832031,142.7923583984375
2020-03-30,61.68605422973633,98.19750213623047,56.951271057128906,152.83645629882812
2020-03-31,61.56016159057617,97.48600006103516,57.745338439941406,150.4327392578125
2020-04-01,58.321044921875,95.38500213623047,54.905269622802734,145.0911407470703
2020-04-02,59.29423141479492,95.94149780273438,55.661094665527344,148.09579467773438
2020-04-03,58.44208908081055,95.32949829101562,54.52090072631836,146.73175048828125
2020-04-06,63.54043197631836,99.87950134277344,58.94264221191406,157.64385986328125
2020-04-07,62.804500579833984,100.58000183105469,58.92228317260742,155.9459991455078
2020-04-08,64.41194152832031,102.1500015258789,60.10270309448242,157.51034545898438
2020-04-09,64.87674713134766,102.13800048828125,60.16080856323242,157.5198974609375
2020-04-13,66.15011596679688,108.44349670410156,60.46422576904297,157.87281799316406
2020-04-14,69.49091339111328,114.16600036621094,63.0301628112793,165.68487548828125
2020-04-15,68.85665130615234,115.38400268554688,62.694461822509766,163.9488983154297
2020-04-16,69.40377807617188,120.40950012207031,62.7441291809082,168.87075805664062
2020-04-17,68.46206665039062,118.75,63.72640609741211,170.35882568359375
2020-04-20,67.04100036621094,119.68049621582031,62.900054931640625,166.98216247558594
2020-04-21,64.96874237060547,116.40599822998047,60.40364456176758,160.07620239257812
2020-04-22,66.84009552001953,118.17449951171875,62.7312126159668,165.51321411132812
2020-04-23,66.58102416992188,119.97250366210938,63.38176345825195,163.5101318359375
2020-04-24,68.50321197509766,120.51100158691406,63.53074645996094,166.49566650390625
2020-04-27,68.55162048339844,118.80000305175781,63.36040496826172,166.01873779296875
2020-04-28,67.4404296875,115.7040023803711,61.264251708984375,161.97438049316406
2020-04-29,69.6555404663086,118.635498046875,66.61810302734375,169.2427978515625
2020-04-30,71.12500762939453,123.69999694824219,66.97467041015625,170.9406280517578
2020-05-01,69.97992706298828,114.302001953125,65.58171081542969,166.51475524902344
2020-05-04,70.97007751464844,115.79949951171875,65.88909912109375,170.58773803710938
2020-05-05,72.03524780273438,115.88999938964844,67.09634399414062,172.4191436767578
2020-05-06,72.77845001220703,117.56300354003906,66.90713500976562,174.11703491210938
2020-05-07,73.53134155273438,118.38050079345703,68.16155242919922,175.1281280517578
2020-05-08,75.28150177001953,118.98049926757812,68.94668579101562,176.15823364257812
2020-05-11,76.46609497070312,120.44999694824219,69.68612670898438,178.1231689453125
2020-05-12,75.59222412109375,117.84750366210938,68.31946563720703,174.08837890625
2020-05-13,74.67949676513672,118.39600372314453,67.00794982910156,171.45571899414062
2020-05-14,75.1383056640625,119.44249725341797,67.34563446044922,172.19972229003906
2020-05-15,74.69407653808594,120.48899841308594,68.19283294677734,174.70838928222656
2020-05-18,76.45394134521484,121.31300354003906,68.72667694091797,176.3776397705078
2020-05-19,76.01217651367188,122.46649932861328,68.20748138427734,175.15670776367188
2020-05-20,77.49047088623047,124.89700317382812,69.85794067382812,177.58624267578125
2020-05-21,76.91272735595703,122.33699798583984,69.66327667236328,175.4532012939453
2020-05-22,77.40792083740234,121.84400177001953,70.04168701171875,175.52976989746094
2020-05-26,76.88360595703125,121.09300231933594,70.36943817138672,173.67408752441406
2020-05-27,77.21856689453125,120.51950073242188,70.41015625,173.90367126464844
2020-05-28,77.25257110595703,120.05500030517578,70.35504913330078,173.51148986816406
2020-05-29,77.17731475830078,122.11849975585938,70.96039581298828,175.28106689453125
2020-06-01,78.12644958496094,123.552001953125,71.10441589355469,174.8793182373047
2020-06-02,78.48812866210938,123.62049865722656,71.47189331054688,176.8688507080078
2020-06-03,78.92021179199219,123.91999816894531,71.33087158203125,177.29930114746094
2020-06-04,78.24053955078125,123.02999877929688,70.12908172607422,174.96539306640625
2020-06-05,80.4688949584961,124.1500015258789,71.4306869506836,179.0592803955078
2020-06-08,80.9446792602539,126.2030029296875,71.8388900756836,180.16888427734375
2020-06-09,83.50074768066406,130.04299926757812,72.31314086914062,181.54624938964844
2020-06-10,85.64900207519531,132.37249755859375,72.79435729980469,188.2800750732422
2020-06-11,81.5369644165039,127.89800262451172,69.71492767333984,178.1697235107422
2020-06-12,82.24090576171875,127.2509994506836,70.17874145507812,179.57577514648438
2020-06-15,83.25801086425781,128.63400268554688,70.50997161865234,180.72360229492188
2020-06-16,85.46452331542969,130.7635040283203,71.64570617675781,185.1522674560547
2020-06-17,85.3456039428711,132.0489959716797,72.06285858154297,185.79312133789062
2020-06-18,85.37957763671875,132.69900512695312,71.30999755859375,187.78268432617188
2020-06-19,84.89166259765625,133.75050354003906,71.09944152832031,186.66351318359375
2020-06-22,87.11274719238281,135.6909942626953,72.099609375,191.84783935546875
2020-06-23,88.97213745117188,138.2205047607422,72.72283172607422,193.1295928955078
2020-06-24,87.401611328125,136.72000122070312,71.11186218261719,189.23658752441406
2020-06-25,88.5619125366211,137.72900390625,71.57667541503906,191.62783813476562
2020-06-26,85.84078216552734,134.64349365234375,67.53285217285156,187.79225158691406
2020-06-29,87.8191146850586,134.0189971923828,69.27442932128906,189.81048583984375
2020-06-30,88.55220031738281,137.9409942626953,70.20010375976562,194.65997314453125
2020-07-01,88.38471984863281,143.93499755859375,71.41329956054688,195.7982635498047
2020-07-02,88.38471984863281,144.51499938964844,72.73723602294922,197.2904052734375
2020-07-06,90.7490234375,152.8520050048828,74.27671813964844,201.53733825683594
2020-07-07,90.4674301147461,150.00599670410156,73.75428009033203,199.19386291503906
2020-07-08,92.57441711425781,154.0554962158203,74.2916030883789,203.57470703125
2020-07-09,92.97252655029297,159.13150024414062,75.0360107421875,204.9999237060547
2020-07-10,93.1351547241211,160.0,76.56305694580078,204.37815856933594
2020-07-13,92.70549774169922,155.1999969482422,75.05338287353516,198.06520080566406
2020-07-14,94.23965454101562,154.1999969482422,75.51225280761719,199.28953552246094
2020-07-15,94.88776397705078,150.44349670410156,75.1676025390625,198.99301147460938
2020-07-16,93.72017669677734,149.9949951171875,75.38412475585938,195.0521697998047
2020-07-17,93.53083801269531,148.09849548339844,75.26246643066406,194.0574188232422
2020-07-20,95.50190734863281,159.8419952392578,77.75391387939453,202.39820861816406
2020-07-21,94.18379974365234,156.9145050048828,77.3913803100586,199.67214965820312
2020-07-22,94.44840240478516,154.99549865722656,77.89146423339844,202.54165649414062
2020-07-23,90.14945220947266,149.32749938964844,75.26891326904297,193.732177734375
2020-07-24,89.9261245727539,150.44549560546875,75.07970428466797,192.54611206054688
2020-07-27,92.0573959350586,152.760498046875,75.98998260498047,194.98521423339844
2020-07-28,90.54511260986328,150.01649475097656,74.50712585449219,193.23477172851562
2020-07-29,92.28072357177734,151.67649841308594,75.5837631225586,195.1860809326172
2020-07-30,93.39733123779297,152.593994140625,76.05206298828125,195.0330047607422
2020-07-31,103.17497253417969,158.23399353027344,73.64403533935547,196.09475708007812
2020-08-03,105.77474975585938,155.59449768066406,73.221435546875,207.12338256835938
2020-08-04,106.48112487792969,156.94149780273438,72.75064086914062,204.01470947265625
2020-08-05,106.86707305908203,160.25149536132812,73.17970275878906,203.67994689941406
2020-08-06,110.59556579589844,161.25,74.49520111083984,206.94166564941406
2020-08-07,108.08109283447266,158.3730010986328,74.21662139892578,203.2399444580078
2020-08-10,109.65205383300781,157.4080047607422,74.29657745361328,199.19386291503906
2020-08-11,106.3910140991211,154.0334930419922,73.51292419433594,194.53567504882812
2020-08-12,109.92683410644531,158.11199951171875,74.8189926147461,200.09300231933594
2020-08-13,111.87226104736328,158.05099487304688,75.40647888183594,199.62429809570312
2020-08-14,111.7725830078125,157.4010009765625,74.87411499023438,199.8155975341797
2020-08-17,111.48076629638672,159.12049865722656,75.38313293457031,201.13558959960938
2020-08-18,112.40971374511719,165.62449645996094,77.40032958984375,202.29296875
2020-08-19,112.55073547363281,163.0240020751953,76.8505859375,201.06568908691406
2020-08-20,115.0482177734375,164.86849975585938,78.54997253417969,205.74476623535156
2020-08-21,120.9769058227539,164.23599243164062,78.48391723632812,204.2489776611328
2020-08-24,122.423828125,165.3730010986328,78.87026977539062,204.89138793945312
2020-08-25,121.41950988769531,167.32449340820312,79.86446380615234,207.5569305419922
2020-08-26,123.07068634033203,172.09249877929688,82.05746459960938,212.04417419433594
2020-08-27,121.59945678710938,170.0,81.16109466552734,217.25064086914062
2020-08-28,121.40247344970703,170.08999633789062,81.66165924072266,219.48472595214844
2020-08-31,125.51948547363281,172.54800415039062,81.15364074707031,216.24386596679688
2020-09-01,130.51927185058594,174.95599365234375,82.47113037109375,217.91226196289062
2020-09-02,127.81510925292969,176.57249450683594,85.82666778564453,222.11190795898438
2020-09-03,117.58212280273438,168.39999389648438,81.5340347290039,208.35275268554688
2020-09-04,117.65995788574219,164.7310028076172,79.01130676269531,205.42835998535156
2020-09-08,109.74200439453125,157.49200439453125,76.09873962402344,194.31556701660156
2020-09-09,114.11924743652344,163.4304962158203,77.31888580322266,202.59019470214844
2020-09-10,110.39373779296875,158.7554931640625,76.08036041259766,196.91395568847656
2020-09-11,108.94439697265625,155.81100463867188,75.51920318603516,195.629150390625
2020-09-14,112.21272277832031,155.14849853515625,75.44768524169922,196.95236206054688
2020-09-15,112.38780975341797,157.80650329589844,76.54815673828125,200.18357849121094
2020-09-16,109.07083892822266,153.90499877929688,75.52813720703125,196.60716247558594
2020-09-17,107.32968139648438,150.43649291992188,74.26825714111328,194.55528259277344
2020-09-18,103.92516326904297,147.74549865722656,72.50333404541016,192.1389923095703
2020-09-21,107.07677459716797,148.02349853515625,71.0716323852539,194.2004852294922
2020-09-22,108.75956726074219,156.44949340820312,72.77497863769531,198.87957763671875
2020-09-23,104.19752502441406,149.9929962158203,70.27955627441406,192.3307647705078
2020-09-24,105.26750946044922,150.989501953125,70.92910766601562,194.82376098632812
2020-09-25,109.21673583984375,154.75650024414062,71.75695037841797,199.2631072998047
2020-09-28,111.82363891601562,158.70249938964844,72.72830200195312,200.81639099121094
2020-09-29,110.97734832763672,157.24400329589844,72.9671630859375,198.72618103027344
2020-09-30,112.65042877197266,157.43649291992188,72.98058319091797,201.6697235107422
2020-10-01,113.60371398925781,161.06300354003906,73.99811553955078,203.71202087402344
2020-10-02,109.93656158447266,156.25,72.42536926269531,197.70018005371094
2020-10-05,113.32161712646484,159.9600067138672,73.79600524902344,201.71766662597656
2020-10-06,110.0727310180664,154.9980010986328,72.17805480957031,197.43174743652344
2020-10-07,111.94036102294922,159.7845001220703,72.51824188232422,201.19032287597656
2020-10-08,111.8333740234375,159.52749633789062,73.79153442382812,201.90943908691406
2020-10-09,113.77880859375,164.33250427246094,75.2460708618164,206.9241180419922
2020-10-12,121.0060806274414,172.14649963378906,77.92424774169922,212.283935546875
2020-10-13,117.79611206054688,172.18150329589844,78.04988098144531,213.6837921142578
2020-10-14,117.8836898803711,168.1855010986328,77.8711166381836,211.76614379882812
2020-10-15,117.41675567626953,166.9324951171875,77.42665100097656,210.6156005859375
2020-10-16,115.77287292480469,163.635498046875,78.11593627929688,210.6156005859375
2020-10-19,112.81581115722656,160.36050415039062,76.20896911621094,205.39956665039062
2020-10-20,114.30406951904297,160.85049438476562,77.26774597167969,205.81185913085938
2020-10-21,113.6815185546875,159.2469940185547,79.12403869628906,205.95570373535156
2020-10-22,112.59209442138672,158.82000732421875,80.21755981445312,206.04196166992188
2020-10-23,111.90145111083984,160.22000122070312,81.49232482910156,207.32684326171875
2020-10-26,111.91117858886719,160.3520050048828,78.98200225830078,201.43002319335938
2020-10-27,113.41889953613281,164.31649780273438,79.66781616210938,204.4695281982422
2020-10-28,108.16622161865234,158.13900756835938,75.31558990478516,194.33474731445312
2020-10-29,112.17381286621094,160.55050659179688,77.82939910888672,196.29075622558594
2020-10-30,105.89004516601562,151.8074951171875,80.4996109008789,194.1333770751953
2020-11-02,105.8025131225586,150.2239990234375,80.74891662597656,193.9991455078125
2020-11-03,107.42694091796875,152.42050170898438,81.94969177246094,197.9303436279297
2020-11-04,111.81389617919922,162.05799865722656,86.8620834350586,207.48020935058594
2020-11-05,115.78260040283203,166.10000610351562,87.56925201416016,214.0961456298828
2020-11-06,115.65106201171875,165.56849670410156,87.4887924194336,214.50840759277344
2020-11-09,113.34172058105469,157.18699645996094,87.55086517333984,209.39785766601562
2020-11-10,113.00069427490234,151.75100708007812,86.42805480957031,202.32171630859375
2020-11-11,116.4305648803711,156.8695068359375,87.03985595703125,207.63365173339844
2020-11-12,116.15772247314453,155.51400756835938,86.8973388671875,206.56932067871094
2020-11-13,116.20645904541016,156.4405059814453,88.24710845947266,207.59527587890625
2020-11-16,117.2198486328125,156.55299377441406,88.46361541748047,208.28562927246094
2020-11-17,116.33313751220703,156.7830047607422,87.90594482421875,205.6297149658203
2020-11-18,115.00794219970703,155.2729949951172,86.74536895751953,202.91876220703125
2020-11-19,115.60234069824219,155.8509979248047,87.59654998779297,204.20693969726562
2020-11-20,114.33561706542969,154.97000122070312,86.5174331665039,202.2554168701172
2020-11-23,110.93498229980469,154.91949462890625,86.15342712402344,201.98623657226562
2020-11-24,112.22118377685547,155.9029998779297,87.84285736083984,205.59120178222656
2020-11-25,113.05916595458984,159.2534942626953,87.96951293945312,205.6008758544922
2020-11-27,113.6048355102539,159.76699829101562,89.05010223388672,206.9082489013672
2020-11-30,116.0018539428711,158.40199279785156,87.43863677978516,205.79312133789062
2020-12-01,119.57784271240234,161.00399780273438,89.29393768310547,207.8504180908203
2020-12-02,119.92865753173828,160.17649841308594,90.77629852294922,207.0428924560547
2020-12-03,119.79224395751953,159.3365020751953,90.71768951416016,205.95655822753906
2020-12-04,119.11991119384766,158.12899780273438,90.77826690673828,206.07192993164062
2020-12-07,120.58150482177734,157.89999389648438,90.35568237304688,206.00460815429688
2020-12-08,121.19536590576172,158.864501953125,90.30947875976562,207.6581268310547
2020-12-09,118.66194915771484,155.2100067138672,88.60018157958984,203.61085510253906
2020-12-10,120.08456420898438,155.07449340820312,88.16317749023438,202.38043212890625
2020-12-11,119.27581024169922,155.8209991455078,88.48299407958984,205.01446533203125
2020-12-14,118.66194915771484,157.84849548339844,87.40486145019531,205.91812133789062
2020-12-15,124.60576629638672,158.25599670410156,87.7877426147461,205.85079956054688
2020-12-16,124.53754425048828,162.04800415039062,87.55086517333984,210.8016815185547
2020-12-17,125.40476989746094,161.8040008544922,86.80099487304688,210.93624877929688
2020-12-18,123.41700744628906,160.08250427246094,85.96224212646484,210.13833618164062
2020-12-21,124.94678497314453,160.3090057373047,86.37739562988281,213.98370361328125
2020-12-22,128.5033721923828,160.3260040283203,85.58929443359375,215.28152465820312
2020-12-23,127.60689544677734,159.2635040283203,86.03028106689453,212.4744415283203
2020-12-24,128.59103393554688,158.63450622558594,86.35157012939453,214.1375274658203
2020-12-28,133.19021606445312,164.197998046875,88.20092010498047,216.2620849609375
2020-12-29,131.41676330566406,166.10000610351562,87.33832550048828,215.48336791992188
2020-12-30,130.29623413085938,164.29249572753906,86.38484191894531,213.10885620117188
2020-12-31,129.29258728027344,162.84649658203125,86.99864959716797,213.82028198242188
2021-01-04,126.0965805053711,159.3314971923828,85.8246841430664,209.27316284179688
2021-01-05,127.65560150146484,160.92550659179688,86.4543685913086,209.4750518798828
2021-01-06,123.35850524902344,156.91900634765625,86.17478942871094,204.0435028076172
2021-01-07,127.56792449951172,158.10800170898438,88.755126953125,209.84991455078125
2021-01-08,128.6690216064453,159.13499450683594,89.74635314941406,211.1284942626953
2021-01-11,125.67759704589844,155.7104949951172,87.735595703125,209.08091735839844
2021-01-12,125.50221252441406,156.04150390625,86.73395538330078,206.61985778808594
2021-01-13,127.53865814208984,158.29449462890625,87.12379455566406,207.97537231445312
2021-01-14,125.60938262939453,156.37350463867188,86.4176254272461,204.78372192382812
2021-01-15,123.88470458984375,155.21249389648438,86.21947479248047,204.4280242919922
2021-01-19,124.55704498291016,156.03799438476562,88.93440246582031,208.0714874267578
2021-01-20,128.64947509765625,163.16900634765625,93.7037582397461,215.66603088378906
2021-01-21,133.36557006835938,165.34950256347656,93.91979217529297,216.27171325683594
2021-01-22,135.50927734375,164.6114959716797,94.40645599365234,217.21376037597656
2021-01-25,139.26068115234375,164.6999969482422,94.32450866699219,220.65538024902344
2021-01-26,139.4945068359375,166.30650329589844,95.21044921875,223.34710693359375
2021-01-27,138.42263793945312,161.62899780273438,90.91732025146484,223.8950958251953
2021-01-28,133.5799102783203,161.88099670410156,92.5223388671875,229.69195556640625
2021-01-29,128.581298828125,160.30999755859375,91.16315460205078,222.99143981933594
2021-02-01,130.7054901123047,167.1439971923828,94.42134857177734,230.38406372070312
2021-02-02,131.53375244140625,169.0,95.720458984375,230.24951171875
2021-02-03,130.51060485839844,165.62649536132812,102.80001831054688,233.60455322265625
2021-02-04,133.87225341796875,166.5500030517578,102.41763305664062,232.65284729003906
2021-02-05,133.45750427246094,167.6074981689453,104.18701934814453,232.83551025390625
2021-02-08,133.60389709472656,166.14700317382812,103.93424987792969,233.09506225585938
2021-02-09,132.7256317138672,165.25,103.46744537353516,234.34481811523438
2021-02-10,132.12060546875,164.32899475097656,104.05691528320312,233.4315185546875
2021-02-11,131.86688232421875,163.10650634765625,104.08224487304688,235.03695678710938
2021-02-12,132.10108947753906,163.885498046875,104.4904556274414,235.51763916015625
2021-02-16,129.97373962402344,163.44749450683594,105.37389373779297,234.2775115966797
2021-02-17,127.68048858642578,165.4320068359375,105.69222259521484,235.29888916015625
2021-02-18,126.57778930664062,166.4114990234375,105.14048767089844,234.90377807617188
2021-02-19,126.73388671875,162.4949951171875,104.34295654296875,232.1865692138672
2021-02-22,122.95735168457031,159.03700256347656,102.54228210449219,225.9620361328125
2021-02-23,122.82074737548828,159.72500610351562,102.83924865722656,224.76727294921875
2021-02-24,122.32304382324219,157.97650146484375,104.04647827148438,226.0006103515625
2021-02-25,118.0683364868164,152.85800170898438,100.87767028808594,220.64324951171875
2021-02-26,118.33181762695312,154.64649963378906,101.15080261230469,223.9097442626953
2021-03-01,124.70413208007812,157.3070068359375,103.36813354492188,228.30349731445312
2021-03-02,122.09861755371094,154.72650146484375,103.08655548095703,225.3454132080078
2021-03-03,119.11248016357422,150.25,100.64675903320312,219.26536560058594
2021-03-04,117.2291030883789,148.8784942626953,101.75814056396484,218.4656524658203
2021-03-05,118.48794555664062,150.0229949951172,104.71044921875,223.15814208984375
2021-03-08,113.5501480102539,147.59750366210938,100.52061462402344,219.1015625
2021-03-09,118.16592407226562,153.1425018310547,101.93741607666016,225.25863647460938
2021-03-10,117.08271789550781,152.8820037841797,102.05313110351562,223.94822692871094
2021-03-11,119.01490020751953,155.67950439453125,105.01982116699219,228.486572265625
2021-03-12,118.10737609863281,154.47450256347656,102.3952865600586,227.15684509277344
2021-03-15,120.99588775634766,154.08399963378906,102.62223052978516,226.25111389160156
2021-03-16,122.53775024414062,154.59300231933594,103.91488647460938,229.04541015625
2021-03-17,121.74729919433594,156.7864990234375,103.84336853027344,228.3998260498047
2021-03-18,117.61944580078125,151.39950561523438,101.11901092529297,222.31021118164062
2021-03-19,117.09247589111328,153.7480010986328,101.46564483642578,221.9536895751953
2021-03-22,120.41036987304688,155.5435028076172,101.23670959472656,227.38812255859375
2021-03-23,119.58092498779297,156.875,101.95033264160156,228.920166015625
2021-03-24,117.19007873535156,154.35350036621094,101.55801391601562,226.87742614746094
2021-03-25,117.67799377441406,152.31300354003906,101.52324676513672,223.87115478515625
2021-03-26,118.28302001953125,152.60150146484375,101.08573913574219,227.8602294921875
2021-03-29,118.45868682861328,153.7864990234375,102.09880828857422,226.6654815673828
2021-03-30,117.00464630126953,152.76449584960938,102.07845306396484,223.39901733398438
2021-03-31,119.20033264160156,154.70399475097656,102.72850036621094,227.17611694335938
2021-04-01,120.02980041503906,158.0500030517578,106.16100311279297,233.5163116455078
2021-04-05,122.85977935791016,161.3365020751953,110.52117919921875,239.99136352539062
2021-04-06,123.16226959228516,161.1909942626953,110.48146057128906,238.825439453125
2021-04-07,124.81147003173828,163.96949768066406,111.719482421875,240.79112243652344
2021-04-08,127.21207427978516,164.96499633789062,112.50212097167969,244.01898193359375
2021-04-09,129.788330078125,168.61000061035156,113.51717376708984,246.52423095703125
2021-04-12,128.07081604003906,168.96949768066406,111.9732437133789,246.58201599121094
2021-04-13,131.1837921142578,170.0,112.59300231933594,249.0679168701172
2021-04-14,128.84170532226562,166.64999389648438,111.97571563720703,246.273681640625
2021-04-15,131.25210571289062,168.95449829101562,114.0525131225586,250.04115295410156
2021-04-16,130.92030334472656,169.9720001220703,114.10713958740234,251.2359619140625
2021-04-19,131.58387756347656,168.60049438476562,114.33755493164062,249.3088836669922
2021-04-20,129.8957061767578,166.7344970703125,113.90204620361328,248.8463592529297
2021-04-21,130.2762451171875,168.1009979248047,113.8851547241211,251.081787109375
2021-04-22,128.75392150878906,165.45199584960938,112.62527465820312,247.79612731933594
2021-04-23,131.07643127441406,167.04400634765625,114.97816467285156,251.63104248046875
2021-04-26,131.466796875,170.4499969482422,115.54627990722656,252.01641845703125
2021-04-27,131.1447296142578,170.8715057373047,114.57195281982422,252.421142578125
2021-04-28,130.35427856445312,172.9250030517578,118.18672180175781,245.28125
2021-04-29,130.25674438476562,173.5655059814453,120.66873931884766,243.30592346191406
2021-04-30,128.28553771972656,173.37100219726562,119.68694305419922,242.98797607421875
2021-05-03,129.33944702148438,169.32449340820312,118.94452667236328,242.67962646484375
2021-05-04,124.76268005371094,165.593505859375,116.91244506835938,238.75802612304688
2021-05-05,125.00665283203125,163.52699279785156,117.03608703613281,237.48611450195312
2021-05-06,126.60704040527344,165.31849670410156,118.25822448730469,240.62728881835938
2021-05-07,127.28154754638672,164.58050537109375,119.11934661865234,243.2577362060547
2021-05-10,123.99708557128906,159.52450561523438,116.28722381591797,238.17025756835938
2021-05-11,123.0782241821289,161.19549560546875,114.65340423583984,237.25485229492188
2021-05-12,120.00885009765625,157.5970001220703,111.19308471679688,230.2883758544922
2021-05-13,122.15937805175781,158.07350158691406,112.32979583740234,234.1715087890625
2021-05-14,124.5835952758789,161.14500427246094,115.02088928222656,239.1048583984375
2021-05-17,123.43012237548828,163.51950073242188,115.28160095214844,236.24313354492188
2021-05-18,122.04206848144531,161.61399841308594,114.38871002197266,234.21966552734375
2021-05-19,121.88568115234375,161.58999633789062,114.6509017944336,234.79916381835938
2021-05-20,124.44673919677734,162.38400268554688,117.0038070678711,238.04412841796875
2021-05-21,122.60902404785156,160.1540069580078,116.45804595947266,236.77896118164062
2021-05-24,124.2414779663086,162.24949645996094,119.515625,242.19700622558594
2021-05-25,124.04596710205078,162.95249938964844,119.63480377197266,243.10479736328125
2021-05-26,123.99708557128906,163.25799560546875,120.84949493408203,242.8826904296875
2021-05-27,122.46239471435547,161.5054931640625,119.30904388427734,240.7772674560547
2021-05-28,121.8074722290039,161.15350341796875,119.75846099853516,241.13462829589844
2021-06-01,121.48489379882812,160.9324951171875,120.66475677490234,238.9326629638672
2021-06-02,122.24734497070312,161.69949340820312,120.24116516113281,238.8361053466797
2021-06-03,120.76153564453125,159.35049438476562,119.413330078125,237.3004913330078
2021-06-04,123.05867767333984,160.31100463867188,121.75479888916016,242.20664978027344
2021-06-07,123.0684585571289,159.90049743652344,122.46641540527344,245.1232452392578
2021-06-08,123.88954162597656,163.20550537109375,123.29873657226562,243.9257049560547
2021-06-09,124.2707748413086,164.0574951171875,123.72332763671875,244.9108123779297
2021-06-10,123.27372741699219,167.4824981689453,125.22306060791016,248.4358673095703
2021-06-11,124.4858627319336,167.3415069580078,124.84217071533203,249.06365966796875
2021-06-14,127.54544067382812,169.19349670410156,125.49320983886719,250.9951934814453
2021-06-15,126.72433471679688,169.156494140625,125.17638397216797,249.5175323486328
2021-06-16,127.22286987304688,170.7624969482422,124.84217071533203,248.57113647460938
2021-06-17,128.8259735107422,174.46200561523438,125.51209259033203,251.9706573486328
2021-06-18,127.52588653564453,174.34500122070312,124.71404266357422,250.5509033203125
2021-06-21,129.3245391845703,172.697998046875,125.59552001953125,253.64138793945312
2021-06-22,130.9667205810547,175.27200317382812,126.13631439208984,256.4228210449219
2021-06-23,130.69300842285156,175.1909942626953,125.60198974609375,256.19110107421875
2021-06-24,130.40957641601562,172.45399475097656,126.4168930053711,257.5625305175781
2021-06-25,130.1163330078125,170.072998046875,126.13184356689453,255.94955444335938
2021-06-28,131.7487335205078,172.1945037841797,125.9575424194336,259.5229797363281
2021-06-29,133.2638702392578,172.40699768066406,125.16197967529297,262.1112365722656
2021-06-30,133.8797149658203,172.00799560546875,124.4642562866211,261.62835693359375
2021-07-01,134.1827392578125,171.64849853515625,125.50960540771484,262.30438232421875
2021-07-02,136.812255859375,175.5489959716797,127.84412384033203,268.14739990234375
2021-07-06,138.82589721679688,183.78700256347656,128.88897705078125,268.15704345703125
2021-07-07,141.3185577392578,184.82899475097656,129.1934051513672,270.349365234375
2021-07-08,140.01844787597656,186.57049560546875,128.29901123046875,267.9252624511719
2021-07-09,141.8463897705078,185.9669952392578,128.6938018798828,268.4273681640625
2021-07-12,141.25010681152344,185.92750549316406,129.6765899658203,267.8286437988281
2021-07-13,142.36451721191406,183.8679962158203,130.1041717529297,271.3634338378906
2021-07-14,145.79554748535156,184.08399963378906,131.18478393554688,272.8409729003906
2021-07-15,145.14064025878906,181.55999755859375,130.37429809570312,271.4116516113281
2021-07-16,143.09764099121094,178.68150329589844,130.94937133789062,271.1412353515625
2021-07-19,139.24624633789062,177.47950744628906,128.37548828125,267.5293273925781
2021-07-20,142.8629913330078,178.6595001220703,130.21044921875,269.76019287109375
2021-07-21,142.12989807128906,179.25999450683594,131.69921875,271.7689514160156
2021-07-22,143.49838256835938,181.90150451660156,132.42230224609375,276.3467102050781
2021-07-23,145.2187957763672,182.83200073242188,136.8792724609375,279.7559814453125
2021-07-26,145.63916015625,184.99099731445312,138.69534301757812,279.15716552734375
2021-07-27,143.46905517578125,181.3195037841797,135.86671447753906,276.73309326171875
2021-07-28,141.71932983398438,181.51600646972656,135.45455932617188,276.4241027832031
2021-07-29,142.36451721191406,179.99600219726562,135.61245727539062,276.6944885253906
2021-07-30,142.57955932617188,166.37950134277344,134.3019256591797,275.158935546875
2021-08-02,142.24716186523438,166.57400512695312,135.06520080566406,275.0719909667969
2021-08-03,144.0458526611328,168.31199645996094,135.353759765625,277.2932434082031
2021-08-04,143.64505004882812,167.73599243164062,135.10394287109375,276.7041015625
2021-08-05,143.75254821777344,168.79949951171875,136.00926208496094,279.6111145019531
2021-08-06,143.06727600097656,167.2469940185547,136.1045684814453,279.55316162109375
2021-08-09,143.018310546875,167.093505859375,137.0640411376953,278.46185302734375
2021-08-10,142.5386199951172,166.03399658203125,137.1578826904297,276.6365051269531
2021-08-11,142.7931671142578,164.60549926757812,136.75364685058594,277.12896728515625
2021-08-12,145.7594451904297,165.1750030517578,137.4488983154297,279.8912048339844
2021-08-13,145.96505737304688,164.69850158691406,137.46530151367188,282.8270568847656
2021-08-16,147.9425811767578,164.94949340820312,137.97183227539062,284.5172424316406
2021-08-17,147.03216552734375,162.09800720214844,136.3673095703125,283.04931640625
2021-08-18,143.28265380859375,160.06100463867188,135.64178466796875,281.31719970703125
2021-08-19,143.61546325683594,159.3874969482422,135.9829559326172,287.16168212890625
2021-08-20,145.07421875,159.99749755859375,137.49607849121094,294.505859375
2021-08-23,146.5622100830078,163.2935028076172,140.14048767089844,294.7865295410156
2021-08-24,146.4740753173828,165.28900146484375,141.43064880371094,292.8222961425781
2021-08-25,145.24058532714844,164.95899963378906,141.97840881347656,292.23199462890625
2021-08-26,144.43785095214844,165.8000030517578,141.15701293945312,289.4065246582031
2021-08-27,145.47555541992188,167.48150634765625,143.56805419921875,290.0161437988281
2021-08-30,149.90052795410156,171.07850646972656,144.4807891845703,293.7608337402344
2021-08-31,148.63763427734375,173.5395050048828,144.4733123779297,292.1062316894531
2021-09-01,149.30332946777344,173.9499969482422,144.85073852539062,292.0577697753906
2021-09-02,150.4193878173828,173.156005859375,143.23875427246094,291.3998718261719
2021-09-03,151.05569458007812,173.90249633789062,143.79098510742188,291.3901672363281
2021-09-07,153.39549255371094,175.46449279785156,144.52993774414062,290.46124267578125
2021-09-08,151.8486785888672,176.27499389648438,143.8987579345703,290.4903259277344
2021-09-09,150.83055114746094,174.20799255371094,143.9285430908203,287.6260986328125
2021-09-10,145.8377685546875,173.45750427246094,140.95639038085938,286.135986328125
2021-09-13,146.4055633544922,172.85850524902344,142.48988342285156,287.3745422363281
2021-09-14,145.005615234375,172.5,142.43130493164062,290.0838928222656
2021-09-15,145.89651489257812,173.7895050048828,144.21905517578125,294.95098876953125
2021-09-16,145.66156005859375,174.41200256347656,143.39222717285156,295.33807373046875
2021-09-17,142.98899841308594,173.12600708007812,140.5019989013672,290.16131591796875
2021-09-20,139.93455505371094,167.7864990234375,138.07212829589844,284.7715759277344
2021-09-21,140.41424560546875,167.18150329589844,138.6973419189453,285.2554626464844
2021-09-22,142.7834014892578,169.00250244140625,139.98057556152344,288.9129943847656
2021-09-23,143.74276733398438,170.8000030517578,140.862548828125,289.861328125
2021-09-24,143.8308563232422,171.2760009765625,141.66355895996094,289.65814208984375
2021-09-27,142.3134765625,170.2899932861328,140.53924560546875,284.6458435058594
2021-09-28,138.9262237548828,165.79800415039062,135.25839233398438,274.3406677246094
2021-09-29,139.82688903808594,165.05599975585938,133.606689453125,274.8050842285156
2021-09-30,138.5248565673828,164.2519989013672,132.3597412109375,272.7925109863281
2021-10-01,139.650634765625,164.16299438476562,135.5349884033203,279.7399597167969
2021-10-04,136.21449279785156,159.48899841308594,132.8558349609375,273.9439697265625
2021-10-05,138.14303588867188,161.0500030517578,135.25144958496094,279.4110107421875
2021-10-06,139.01434326171875,163.10049438476562,136.4204559326172,283.62017822265625
2021-10-07,140.27719116210938,165.1215057373047,138.239501953125,285.3038024902344
2021-10-08,139.89540100097656,164.43099975585938,139.1040802001953,285.3038024902344
2021-10-11,139.80731201171875,162.31500244140625,137.90380859375,284.7038879394531
2021-10-12,138.5346221923828,162.3665008544922,135.78378295898438,283.3976135253906
2021-10-13,137.947265625,164.21400451660156,136.9627227783203,286.716552734375
2021-10-14,140.7373046875,164.9929962158203,140.45086669921875,292.9480285644531
2021-10-15,141.7946014404297,170.4510040283203,140.7120819091797,294.3607482910156
2021-10-18,143.4686737060547,172.33700561523438,141.98883056640625,297.341064453125
2021-10-19,145.6322021484375,172.20750427246094,142.84449768066406,298.2506408691406
2021-10-20,146.12167358398438,170.7530059814453,141.44703674316406,297.4571228027344
2021-10-21,146.3370819091797,171.75050354003906,141.81004333496094,300.6987609863281
2021-10-22,145.5636444091797,166.77749633789062,137.68280029296875,299.1505126953125
2021-10-25,145.51473999023438,166.01849365234375,137.8297882080078,298.15386962890625
2021-10-26,146.18040466308594,168.80349731445312,138.72265625,300.0697021484375
2021-10-27,145.72032165527344,169.62449645996094,145.43228149414062,312.70697021484375
2021-10-28,149.36212158203125,172.32850646972656,145.1357879638672,313.8487243652344
2021-10-29,146.65032958984375,168.6215057373047,147.26272583007812,320.88336181640625
2021-11-01,145.8280029296875,165.90550231933594,142.7967987060547,318.7061462402344
2021-11-02,146.86573791503906,165.6374969482422,144.87161254882812,322.3444519042969
2021-11-03,148.30477905273438,169.1999969482422,145.79229736328125,323.186279296875
2021-11-04,147.78591918945312,173.85000610351562,147.6724395751953,325.5472106933594
2021-11-05,148.31536865234375,175.94949340820312,148.22665405273438,325.1795959472656
2021-11-08,147.4918212890625,174.44900512695312,148.33639526367188,326.0794677734375
2021-11-09,147.85455322265625,178.81149291992188,148.23410034179688,325.07318115234375
2021-11-10,145.02117919921875,174.1024932861328,145.62940979003906,320.08984375
2021-11-11,144.97216796875,173.625,145.75059509277344,321.66717529296875
2021-11-12,147.0506134033203,176.25750732421875,148.6283721923828,325.8182373046875
2021-11-15,147.06045532226562,177.28399658203125,148.37265014648438,325.189208984375
2021-11-16,148.0408172607422,177.03500366210938,148.06275939941406,328.5179138183594
2021-11-17,150.48202514648438,177.4499969482422,148.0488739013672,328.7408142089844
2021-11-18,154.7761993408203,184.80299377441406,149.68467712402344,330.8249816894531
2021-11-19,157.40370178222656,183.82850646972656,148.9333038330078,332.6087646484375
2021-11-22,157.86448669433594,178.6284942626953,146.078857421875,329.42913818359375
2021-11-23,158.24684143066406,179.0019989013672,145.75953674316406,327.3449401855469
2021-11-24,158.76644897460938,179.02049255371094,145.72030639648438,327.56787109375
2021-11-26,153.73696899414062,175.22799682617188,141.83535766601562,319.5897521972656
2021-11-29,157.09979248046875,178.07850646972656,145.1208953857422,326.3270568847656
2021-11-30,162.0605926513672,175.35350036621094,141.48379516601562,320.4719543457031
2021-12-01,161.54098510742188,172.18600463867188,140.6554718017578,319.9775695800781
2021-12-02,160.55076599121094,171.8679962158203,142.79928588867188,319.4056091308594
2021-12-03,158.66839599609375,169.489501953125,141.55181884765625,313.1239318847656
2021-12-06,162.08021545410156,171.36849975585938,142.81915283203125,316.2066345214844
2021-12-07,167.8253631591797,176.1645050048828,147.03033447265625,324.66937255859375
2021-12-08,171.64895629882812,176.1580047607422,147.70968627929688,324.71783447265625
2021-12-09,171.13912963867188,174.17100524902344,147.099365234375,322.90509033203125
2021-12-10,175.9333038330078,172.21200561523438,147.6645050048828,332.05615234375
2021-12-13,172.2960205078125,169.5675048828125,145.7073974609375,329.01220703125
2021-12-14,170.91363525390625,169.0915069580078,143.98519897460938,318.29071044921875
2021-12-15,175.78622436523438,173.31500244140625,146.36688232421875,324.40765380859375
2021-12-16,168.88418579101562,168.87100219726562,143.85406494140625,314.95611572265625
2021-12-17,167.7861328125,170.0175018310547,141.8323974609375,313.8897399902344
2021-12-20,166.42340087890625,167.07899475097656,141.4336395263672,310.1187744140625
2021-12-21,169.59988403320312,170.41700744628906,143.24026489257812,317.27294921875
2021-12-22,172.1979522705078,171.03700256347656,145.9502410888672,323.0020446777344
2021-12-23,172.82540893554688,171.06849670410156,146.14239501953125,324.44647216796875
2021-12-27,176.7960968017578,169.66949462890625,147.05764770507812,331.9688720703125
2021-12-28,175.7764434814453,170.66099548339844,145.45263671875,330.80560302734375
2021-12-29,175.8646697998047,169.2010040283203,145.50875854492188,331.4842529296875
2021-12-30,174.7078094482422,168.64450073242188,145.01016235351562,328.9347229003906
2021-12-31,174.09014892578125,166.7169952392578,143.69613647460938,326.026611328125
2022-01-03,178.44309997558594,170.4044952392578,144.08847045898438,324.50457763671875
2022-01-04,176.1783905029297,167.52200317382812,143.4349365234375,318.9403076171875
2022-01-05,171.49209594726562,164.35699462890625,136.7178955078125,306.6968078613281
2022-01-06,168.62928771972656,163.25399780273438,136.6160888671875,304.2733154296875
2022-01-07,168.79595947265625,162.5540008544922,136.0733184814453,304.42840576171875
2022-01-10,168.81561279296875,161.48599243164062,137.6321563720703,304.6514587402344
2022-01-11,171.64895629882812,165.36199951171875,139.0658416748047,305.3396911621094
2022-01-12,172.0901336669922,165.20700073242188,140.6852569580078,308.5289611816406
2022-01-13,168.81561279296875,161.21400451660156,138.18536376953125,295.4712829589844
2022-01-14,169.67835998535156,162.13800048828125,138.83641052246094,300.7059631347656
2022-01-18,166.47242736816406,158.91749572753906,135.36416625976562,293.3871154785156
2022-01-19,162.97238159179688,156.2989959716797,134.72999572753906,294.04620361328125
2022-01-20,161.28611755371094,151.66749572753906,132.59909057617188,292.3691711425781
2022-01-21,159.22723388671875,142.64300537109375,129.2078094482422,286.9697570800781
2022-01-24,158.45266723632812,144.54400634765625,129.4858856201172,287.2992858886719
2022-01-25,156.6487579345703,139.98599243164062,125.87411499023438,279.66046142578125
2022-01-26,156.56053161621094,138.87249755859375,128.36160278320312,287.62890625
2022-01-27,156.09974670410156,139.6374969482422,128.243408203125,290.66302490234375
2022-01-28,166.9920196533203,143.97799682617188,132.38357543945312,298.82537841796875
2022-01-31,171.35479736328125,149.57350158691406,134.77618408203125,301.4620666503906
2022-02-01,171.1881561279297,151.19349670410156,136.94137573242188,299.3100280761719
2022-02-02,172.39404296875,150.6125030517578,147.03033447265625,303.86614990234375
2022-02-03,169.51165771484375,138.8455047607422,141.6809539794922,292.0298767089844
2022-02-04,169.22698974609375,157.63949584960938,142.04396057128906,296.5763854980469
2022-02-07,168.51036071777344,157.9355010986328,137.99368286132812,291.73907470703125
2022-02-08,171.6221923828125,161.4134979248047,138.26678466796875,295.238525390625
2022-02-09,173.0456085205078,161.1894989013672,140.4915771484375,301.6850891113281
2022-02-10,168.9619140625,159.0034942626953,137.66046142578125,293.1252746582031
2022-02-11,165.54580688476562,153.2935028076172,133.21835327148438,286.010009765625
2022-02-14,165.7813720703125,155.16700744628906,134.38040161132812,285.97119140625
2022-02-15,169.61964416503906,156.510498046875,135.49826049804688,291.2737731933594
2022-02-16,169.3840789794922,158.10049438476562,136.5530242919922,290.93377685546875
2022-02-17,165.7813720703125,154.65249633789062,131.4092254638672,282.4146728515625
2022-02-18,164.23037719726562,152.60150146484375,129.58074951171875,279.6947021484375
2022-02-22,161.30506896972656,150.19749450683594,128.52297973632812,279.4907531738281
2022-02-23,157.13304138183594,144.82699584960938,126.71783447265625,272.25384521484375
2022-02-24,159.75405883789062,151.35800170898438,131.77174377441406,286.1642150878906
2022-02-25,161.82534790039062,153.7884979248047,133.60519409179688,288.80645751953125
2022-02-28,162.0903778076172,153.56300354003906,133.97418212890625,290.244140625
2022-03-01,160.2056121826172,151.14199829101562,133.256103515625,286.51397705078125
2022-03-02,163.5039520263672,152.05250549316406,133.8356170654297,291.60406494140625
2022-03-03,163.1800079345703,147.89849853515625,133.3951416015625,287.4561767578125
2022-03-04,160.1761474609375,145.64100646972656,131.2239990234375,281.5694885253906
2022-03-07,156.37716674804688,137.4530029296875,125.60494995117188,270.9327392578125
2022-03-08,154.55123901367188,136.01449584960938,126.41342163085938,267.9602355957031
2022-03-09,159.96018981933594,139.2790069580078,132.95611572265625,280.2484130859375
2022-03-10,155.61148071289062,146.8175048828125,131.7801971435547,277.4216003417969
2022-03-11,151.89097595214844,145.52450561523438,129.58868408203125,272.05950927734375
2022-03-14,147.85641479492188,141.85299682617188,125.87957763671875,268.5333557128906
2022-03-15,152.24441528320312,147.3665008544922,128.7792510986328,278.9369812011719
2022-03-16,156.6618194580078,153.10400390625,132.78182983398438,285.969970703125
2022-03-17,157.67294311523438,157.23899841308594,133.68565368652344,286.7762145996094
2022-03-18,160.97132873535156,161.25050354003906,135.87168884277344,291.837158203125
2022-03-21,162.3455810546875,161.4915008544922,135.55088806152344,290.603515625
2022-03-22,165.7224884033203,164.88900756835938,139.3240509033203,295.3634338378906
2022-03-23,167.08700561523438,163.4080047607422,137.56211853027344,290.9240417480469
2022-03-24,170.87615966796875,163.64950561523438,140.35153198242188,295.4022521972656
2022-03-25,171.5142364501953,164.77349853515625,140.5596160888672,294.9942321777344
2022-03-28,172.37808227539062,168.99049377441406,140.98519897460938,301.81353759765625
2022-03-29,175.6764373779297,169.31500244140625,142.27635192871094,306.3887939453125
2022-03-30,174.50827026367188,166.30099487304688,141.6749725341797,304.8830871582031
2022-03-31,171.40625,162.99749755859375,138.70034790039062,299.49176025390625
2022-04-01,171.11175537109375,163.55999755859375,139.7436981201172,300.5700988769531
2022-04-04,175.16598510742188,168.34649658203125,142.66619873046875,305.96136474609375
2022-04-05,171.8479766845703,164.05499267578125,140.10423278808594,301.98828125
2022-04-06,168.67727661132812,158.75599670410156,136.24365234375,290.93377685546875
2022-04-07,168.98158264160156,157.7845001220703,135.5374755859375,292.7503662109375
2022-04-08,166.9691925048828,154.4604949951172,133.09967041015625,288.47613525390625
2022-04-11,162.7088165283203,151.1219940185547,128.914306640625,277.1011047363281
2022-04-12,164.5837860107422,150.78750610351562,127.50196075439453,273.99261474609375
2022-04-13,167.2734832763672,155.54100036621094,129.40048217773438,279.3935546875
2022-04-14,162.25723266601562,151.7064971923828,126.38809204101562,271.8263854980469
2022-04-18,162.0413055419922,152.78500366210938,127.09127807617188,272.49664306640625
2022-04-19,164.32858276367188,158.11549377441406,129.643798828125,277.139892578125
2022-04-20,164.1616668701172,153.9980010986328,127.37384796142578,278.16961669921875
2022-04-21,163.36651611328125,148.29600524902344,124.08833312988281,272.77838134765625
2022-04-22,158.8214874267578,144.35000610351562,118.80101776123047,266.1922302246094
2022-04-25,159.8914794921875,146.07400512695312,122.41230773925781,272.6909484863281
2022-04-26,153.9230499267578,139.39100646972656,118.6937484741211,262.4912414550781
2022-04-27,153.69725036621094,138.16700744628906,114.23873901367188,275.11944580078125
2022-04-28,160.63755798339844,144.59649658203125,118.59989166259766,281.3460998535156
2022-04-29,154.75743103027344,124.28150177001953,114.18509674072266,269.5824279785156
2022-05-02,155.06175231933594,124.5,116.3607177734375,276.3336486816406
2022-05-03,156.55384826660156,124.25350189208984,117.32659912109375,273.72064208984375
2022-05-04,162.97386169433594,125.92849731445312,121.74188995361328,281.68609619140625
2022-05-05,153.89358520507812,116.40699768066406,115.9530029296875,269.4173278808594
2022-05-06,154.6210479736328,114.77249908447266,114.87389373779297,266.8722839355469
2022-05-09,149.48931884765625,108.78900146484375,112.31539154052734,257.0125427246094
2022-05-10,151.8979034423828,108.85900115966797,113.80570220947266,261.7918395996094
2022-05-11,144.02334594726562,105.37200164794922,113.18643188476562,253.09780883789062
2022-05-12,140.14993286132812,106.93049621582031,112.39188385009766,248.0465545654297
2022-05-13,144.62301635742188,113.05500030517578,115.72357940673828,253.65158081054688
2022-05-16,143.0795440673828,110.81050109863281,114.01229095458984,254.0205841064453
2022-05-17,146.7169647216797,115.36849975585938,115.9083023071289,259.18853759765625
2022-05-18,138.43934631347656,107.11250305175781,111.63704681396484,247.3877410888672
2022-05-19,135.02801513671875,107.31900024414062,109.99279022216797,246.47247314453125
2022-05-20,135.26394653320312,107.59100341796875,108.57003784179688,245.90774536132812
2022-05-23,140.6906280517578,107.55699920654297,110.90752410888672,253.78465270996094
2022-05-24,137.98712158203125,104.0999984741211,105.2060546875,252.78179931640625
2022-05-25,138.1444091796875,106.7750015258789,105.12013244628906,255.60540771484375
2022-05-26,141.34930419921875,111.07749938964844,107.5599365234375,258.8963623046875
2022-05-27,147.1102294921875,115.14649963378906,112.03233337402344,266.0430603027344
2022-05-31,146.3237762451172,120.20950317382812,113.26390075683594,264.7091979980469
2022-06-01,146.1959686279297,121.68399810791016,113.36124420166016,265.2447509765625
2022-06-02,148.65370178222656,125.51100158691406,116.94570922851562,267.3478088378906
2022-06-03,142.92227172851562,122.3499984741211,113.78533935546875,262.9079284667969
2022-06-06,143.6693572998047,124.79000091552734,116.21519470214844,261.6713562011719
2022-06-07,146.1959686279297,123.0,116.43272399902344,265.32257080078125
2022-06-08,145.4586639404297,121.18000030517578,116.44115447998047,263.28765869140625
2022-06-09,140.22857666015625,116.1500015258789,114.13692474365234,257.8156433105469
2022-06-10,134.81173706054688,109.6500015258789,110.67015075683594,246.3264617919922
2022-06-13,129.65048217773438,103.66999816894531,106.15008544921875,235.87905883789062
2022-06-14,130.51556396484375,102.30999755859375,106.4654312133789,238.05030822753906
2022-06-15,133.14044189453125,107.66999816894531,109.64020538330078,245.12884521484375
2022-06-16,127.86128234863281,103.66000366210938,105.91122436523438,238.51768493652344
2022-06-17,129.3358917236328,106.22000122070312,107.13236236572266,241.1270751953125
2022-06-21,133.572998046875,108.68000030517578,111.25365447998047,247.05670166015625
2022-06-22,133.0618438720703,108.94999694824219,111.27252960205078,246.4627685546875
2022-06-23,135.9324493408203,112.44000244140625,111.91861724853516,252.04183959960938
2022-06-24,139.26513671875,116.45999908447266,117.7323226928711,260.6490173339844
2022-06-27,139.26513671875,113.22000122070312,115.82984924316406,257.9130859375
2022-06-28,135.11648559570312,107.4000015258789,111.80638885498047,249.7245635986328
2022-06-29,136.87623596191406,108.91999816894531,111.49351501464844,253.4049530029297
2022-06-30,134.40866088867188,106.20999908447266,108.6291275024414,250.06529235839844
2022-07-01,136.58126831054688,109.55999755859375,108.339599609375,252.7428436279297
2022-07-05,139.16683959960938,113.5,113.1129379272461,255.92674255371094
2022-07-06,140.5038299560547,114.33000183105469,114.430419921875,259.1982116699219
2022-07-07,143.8758544921875,116.33000183105469,118.4950942993164,261.3305358886719
2022-07-08,144.5541534423828,115.54000091552734,119.35174560546875,260.6100769042969
2022-07-11,142.42088317871094,111.75,115.73052978515625,257.54296875
2022-07-12,143.3941650390625,109.22000122070312,114.06890869140625,246.988525390625
2022-07-13,143.0303955078125,110.4000015258789,111.42449188232422,246.0635528564453
2022-07-14,145.95999145507812,110.62999725341797,110.68257904052734,247.3877410888672
2022-07-15,147.6312713623047,113.55000305175781,112.00054931640625,249.95819091796875
2022-07-18,144.5836944580078,113.76000213623047,109.16297912597656,247.55325317382812
2022-07-19,148.44725036621094,118.20999908447266,113.8409652709961,252.69418334960938
2022-07-20,150.45277404785156,122.7699966430664,113.92041015625,255.3619842529297
2022-07-21,152.72369384765625,124.62999725341797,114.25809478759766,257.86431884765625
2022-07-22,151.48501586914062,122.41999816894531,107.62349700927734,253.50230407714844
2022-07-25,150.3642578125,121.13999938964844,107.47452545166016,252.01260375976562
2022-07-26,149.037109375,114.80999755859375,104.72335815429688,245.26515197753906
2022-07-27,154.1393585205078,120.97000122070312,112.82788848876953,261.66156005859375
2022-07-28,154.68988037109375,122.27999877929688,113.81114959716797,269.1295166015625
2022-07-29,159.76266479492188,134.9499969482422,115.84722137451172,273.34552001953125
2022-08-01,158.77955627441406,135.38999938964844,114.69512176513672,270.68743896484375
2022-08-02,157.30491638183594,134.16000366210938,115.11225128173828,267.58148193359375
2022-08-03,163.32147216796875,139.52000427246094,117.97268676757812,275.02996826171875
2022-08-04,163.0068359375,142.57000732421875,118.06206512451172,276.1788635253906
2022-08-05,162.7804412841797,140.8000030517578,117.41648864746094,275.4583740234375
2022-08-08,162.30792236328125,139.41000366210938,117.33702850341797,272.9366455078125
2022-08-09,162.35711669921875,137.8300018310547,116.70138549804688,274.8644104003906
2022-08-10,166.61000061035156,142.69000244140625,119.82997131347656,281.5437316894531
2022-08-11,165.8716278076172,140.63999938964844,119.005615234375,279.4601135253906
2022-08-12,169.42555236816406,143.5500030517578,121.81639099121094,284.2213439941406
2022-08-15,170.49859619140625,143.17999267578125,122.04481506347656,285.74029541015625
2022-08-16,170.3411102294922,144.77999877929688,121.67733764648438,285.000244140625
2022-08-17,171.83746337890625,142.10000610351562,119.5022201538086,284.2489318847656
2022-08-18,171.44369506835938,142.3000030517578,120.0385513305664,283.1268615722656
2022-08-19,168.85455322265625,138.22999572753906,117.31716918945312,279.20440673828125
2022-08-22,164.9659423828125,133.22000122070312,114.28790283203125,271.00836181640625
2022-08-23,164.6312255859375,133.6199951171875,113.98992919921875,269.7301330566406
2022-08-24,164.9265594482422,133.8000030517578,113.92041015625,269.09588623046875
2022-08-25,167.38772583007812,137.27999877929688,116.9000244140625,272.0816345214844
2022-08-26,161.0773162841797,130.75,110.54351806640625,261.5827331542969
2022-08-29,158.87213134765625,129.7899932861328,109.59004211425781,258.7922058105469
2022-08-30,156.44053649902344,128.72999572753906,109.16297912597656,256.5870361328125
2022-08-31,154.77676391601562,126.7699966430664,108.40813446044922,255.12350463867188
2022-09-01,155.5052947998047,127.81999969482422,109.79862213134766,254.07945251464844
2022-09-02,153.38868713378906,127.51000213623047,107.94132995605469,249.84478759765625
2022-09-06,152.1285858154297,126.11000061035156,106.74948120117188,247.10299682617188
2022-09-07,153.53636169433594,129.47999572753906,109.72909545898438,251.82546997070312
2022-09-08,152.05967712402344,129.82000732421875,108.67630767822266,252.2450714111328
2022-09-09,154.92445373535156,133.27000427246094,111.02025604248047,258.04083251953125
2022-09-12,160.89027404785156,136.4499969482422,111.10965728759766,260.177734375
2022-09-13,151.4492950439453,126.81999969482422,104.59423065185547,245.87356567382812
2022-09-14,152.89646911621094,128.5500030517578,105.15043640136719,246.0979766845703
2022-09-15,150.00213623046875,126.27999877929688,103.1938247680664,239.4240264892578
2022-09-16,148.35806274414062,123.52999877929688,102.92565155029297,238.799560546875
2022-09-19,152.07936096191406,124.66000366210938,103.14415740966797,238.5848846435547
2022-09-20,154.4617462158203,122.19000244140625,101.13788604736328,236.56512451171875
2022-09-21,151.33116149902344,118.54000091552734,99.33026123046875,233.15008544921875
2022-09-22,150.36639404296875,117.30999755859375,99.8864517211914,235.1307830810547
2022-09-23,148.09230041503906,113.77999877929688,98.49596405029297,232.14505004882812
2022-09-26,148.427001953125,115.1500015258789,98.13841247558594,231.68650817871094
2022-09-27,149.40162658691406,114.41000366210938,97.42330169677734,230.67172241210938
2022-09-28,147.51145935058594,118.01000213623047,100.05528259277344,235.21864318847656
2022-09-29,140.2658233642578,114.80000305175781,97.42330169677734,231.73526000976562
2022-09-30,136.05233764648438,113.0,95.49649047851562,227.24696350097656
2022-10-03,140.236328125,115.87999725341797,98.6250991821289,234.89663696289062
2022-10-04,143.82960510253906,121.08999633789062,101.71394348144531,242.83908081054688
2022-10-05,144.12489318847656,120.94999694824219,101.52523803710938,243.15130615234375
2022-10-06,143.16998291015625,120.30000305175781,101.54508972167969,240.79978942871094
2022-10-07,137.91297912597656,114.55999755859375,98.89324951171875,228.55442810058594
2022-10-10,138.2378692626953,113.66999816894531,98.0390853881836,223.68553161621094
2022-10-11,136.82025146484375,112.20999908447266,97.38358306884766,219.93873596191406
2022-10-12,136.19015502929688,112.9000015258789,97.63186645507812,220.2704620361328
2022-10-13,140.76792907714844,112.52999877929688,99.03230285644531,228.55442810058594
2022-10-14,136.2295379638672,106.9000015258789,96.51949310302734,223.01229858398438
2022-10-17,140.1969451904297,113.79000091552734,100.09502410888672,231.7645263671875
2022-10-18,141.51609802246094,116.36000061035156,100.70088195800781,232.7110137939453
2022-10-19,141.62442016601562,115.06999969482422,99.60835266113281,230.7400360107422
2022-10-20,141.16168212890625,115.25,99.84672546386719,230.41806030273438
2022-10-21,144.98141479492188,119.31999969482422,100.79026794433594,236.2431182861328
2022-10-24,147.12753295898438,119.81999969482422,102.27013397216797,241.2486572265625
2022-10-25,149.97259521484375,120.5999984741211,104.2168197631836,244.57586669921875
2022-10-26,147.0290985107422,115.66000366210938,94.17552947998047,225.70529174804688
2022-10-27,142.5498046875,110.95999908447266,91.97061920166016,221.2462158203125
2022-10-28,153.31979370117188,103.41000366210938,95.92356872558594,230.14486694335938
2022-10-31,150.9570770263672,102.44000244140625,94.01661682128906,226.49560546875
2022-11-01,148.3088836669922,96.79000091552734,89.88489532470703,222.63174438476562
2022-11-02,142.77621459960938,92.12000274658203,86.47820281982422,214.7576446533203
2022-11-03,136.7218017578125,89.30000305175781,82.92253112792969,209.0496063232422
2022-11-04,136.4555206298828,90.9800033569336,86.1107177734375,216.01632690429688
2022-11-07,136.988037109375,90.52999877929688,88.04747009277344,222.33900451660156
2022-11-08,137.5599822998047,89.9800033569336,88.30570220947266,223.3147430419922
2022-11-09,132.99435424804688,86.13999938964844,86.80596923828125,219.06060791015625
2022-11-10,144.82745361328125,96.62999725341797,93.52994537353516,237.082275390625
2022-11-11,147.61810302734375,100.79000091552734,96.07256317138672,241.11203002929688
2022-11-14,146.21786499023438,98.48999786376953,95.37730407714844,235.68699645996094
2022-11-15,147.95339965820312,98.94000244140625,98.04902648925781,236.0968017578125
2022-11-16,146.72076416015625,97.12000274658203,98.31719207763672,236.5272979736328
2022-11-17,148.62393188476562,94.8499984741211,97.83052825927734,236.4783935546875
2022-11-18,149.18600463867188,94.13999938964844,97.13528442382812,236.02828979492188
2022-11-21,145.9515838623047,92.45999908447266,95.17867279052734,236.8404083251953
2022-11-22,148.0914306640625,93.19999694824219,96.66847229003906,239.7563018798828
2022-11-23,148.96905517578125,94.12999725341797,98.14834594726562,242.25137329101562
2022-11-25,146.05023193359375,93.41000366210938,96.93663787841797,242.16334533691406
2022-11-28,142.21435546875,93.94999694824219,95.59581756591797,236.556640625
2022-11-29,139.20675659179688,92.41999816894531,94.79132080078125,235.15744018554688
2022-11-30,145.97132873535156,96.54000091552734,100.7604751586914,249.64869689941406
2022-12-01,146.2474365234375,95.5,100.59162139892578,249.2083740234375
2022-12-02,145.75439453125,94.12999725341797,100.14468383789062,249.53126525878906
2022-12-05,144.59083557128906,91.01000213623047,99.19121551513672,244.8150177001953
2022-12-06,140.92254638671875,88.25,96.64859771728516,239.8443145751953
2022-12-07,138.9799346923828,88.45999908447266,94.50328826904297,239.11045837402344
2022-12-08,140.6661376953125,90.3499984741211,93.31143951416016,242.07528686523438
2022-12-09,140.18296813964844,89.08999633789062,92.43743133544922,240.13787841796875
2022-12-12,142.4805908203125,90.55000305175781,92.9240951538086,247.07528686523438
2022-12-13,143.44696044921875,92.48999786376953,95.19853973388672,251.39036560058594
2022-12-14,141.21835327148438,91.58000183105469,94.66219329833984,251.68392944335938
2022-12-15,134.60169982910156,88.44999694824219,90.58013916015625,243.65061950683594
2022-12-16,132.6393585205078,87.86000061035156,90.24243927001953,239.423583984375
2022-12-19,130.52911376953125,84.91999816894531,88.5440673828125,235.2748565673828
2022-12-20,130.4600830078125,85.19000244140625,89.02080535888672,236.59579467773438
2022-12-21,133.56629943847656,86.7699966430664,89.63658905029297,239.169189453125
2022-12-22,130.3910675048828,83.79000091552734,87.66012573242188,233.06349182128906
2022-12-23,130.02622985839844,85.25,89.1995849609375,233.59185791015625
2022-12-27,128.22164916992188,83.04000091552734,87.33236694335938,231.86000061035156
2022-12-28,124.28716278076172,81.81999969482422,85.87235260009766,229.48228454589844
2022-12-29,127.80750274658203,84.18000030517578,88.34542083740234,235.8227996826172
2022-12-30,128.12306213378906,84.0,88.1269302368164,234.65841674804688
2023-01-03,123.33064270019531,85.81999969482422,89.09033203125,234.42356872558594
2023-01-04,124.60272216796875,85.13999938964844,88.10706329345703,224.1691436767578
2023-01-05,123.28134155273438,83.12000274658203,86.18024444580078,217.52525329589844
2023-01-06,127.8173828125,86.08000183105469,87.56079864501953,220.08888244628906
2023-01-09,128.3400115966797,87.36000061035156,88.19644927978516,222.2317352294922
2023-01-10,128.91192626953125,89.87000274658203,88.63345336914062,223.92454528808594
2023-01-11,131.63356018066406,95.08999633789062,91.6329345703125,230.695556640625
2023-01-12,131.5546875,95.2699966430664,91.28530883789062,233.37660217285156
2023-01-13,132.88587951660156,98.12000274658203,92.16926574707031,234.0811004638672
2023-01-17,134.04949951171875,96.05000305175781,91.53360748291016,235.17701721191406
2023-01-18,133.3296356201172,95.45999908447266,91.15619659423828,230.73471069335938
2023-01-19,133.3887939453125,93.68000030517578,93.27172088623047,226.93826293945312
2023-01-20,135.95262145996094,97.25,98.605224609375,235.04978942871094
2023-01-23,139.14756774902344,97.5199966430664,100.52210235595703,237.35899353027344
2023-01-24,140.54783630371094,96.31999969482422,98.53569030761719,236.8306427001953
2023-01-25,139.88717651367188,97.18000030517578,96.07256317138672,235.43142700195312
2023-01-26,141.95794677734375,99.22000122070312,98.48603820800781,242.662353515625
2023-01-27,143.90054321289062,102.23999786376953,100.02549743652344,242.81890869140625
2023-01-30,141.0112762451172,100.55000305175781,97.28424835205078,237.48622131347656
2023-01-31,142.28338623046875,103.12999725341797,99.19121551513672,242.4764404296875
2023-02-01,143.40750122070312,105.1500015258789,100.7406005859375,247.31011962890625
2023-02-02,148.72256469726562,112.91000366210938,108.06051635742188,258.9050598144531
2023-02-03,152.35137939453125,103.38999938964844,104.50484466552734,252.78956604003906
2023-02-06,149.619873046875,102.18000030517578,102.76673889160156,251.2436065673828
2023-02-07,152.499267578125,102.11000061035156,107.30567932128906,261.8013610839844
2023-02-08,149.8072052001953,100.05000305175781,99.32032775878906,260.9892578125
2023-02-09,148.77182006835938,98.23999786376953,94.81118774414062,257.9461669921875
2023-02-10,149.1372528076172,97.61000061035156,94.21526336669922,257.4373474121094
2023-02-13,151.94207763671875,99.54000091552734,94.35432434082031,265.4804382324219
2023-02-14,151.3000946044922,99.69999694824219,94.30464172363281,266.3121643066406
2023-02-15,153.4036865234375,101.16000366210938,96.4400405883789,264.18353271484375
2023-02-16,151.8037872314453,98.1500015258789,95.12901306152344,257.1502990722656
2023-02-17,150.65817260742188,97.19999694824219,93.94709777832031,253.13829040527344
2023-02-21,146.63864135742188,94.58000183105469,91.42436981201172,247.85107421875
2023-02-22,147.06329345703125,95.79000091552734,91.17606353759766,246.7132110595703
2023-02-23,147.54721069335938,95.81999969482422,90.45101928710938,249.91104125976562
2023-02-24,144.8905792236328,93.5,88.74271392822266,244.46688842773438
2023-02-27,146.08555603027344,93.76000213623047,89.48760223388672,245.38894653320312
2023-02-28,145.5819091796875,94.2300033569336,89.68626403808594,244.66305541992188
2023-03-01,143.50794982910156,92.16999816894531,89.89482879638672,241.57315063476562
2023-03-02,144.10049438476562,92.12999725341797,91.6825942993164,246.32083129882812
2023-03-03,149.15701293945312,94.9000015258789,93.38096618652344,250.4210968017578
2023-03-06,151.9222869873047,93.75,94.93036651611328,251.97097778320312
2023-03-07,149.71995544433594,93.55000305175781,93.52994537353516,249.3028564453125
2023-03-08,150.97418212890625,93.91999816894531,94.00669860839844,248.86143493652344
2023-03-09,148.7224884033203,92.25,92.03022003173828,247.5078125
2023-03-10,146.6584014892578,90.7300033569336,90.39142608642578,243.84890747070312
2023-03-13,148.6039581298828,92.43000030517578,91.03702545166016,249.07725524902344
2023-03-14,150.69766235351562,94.87999725341797,93.6093978881836,255.81622314453125
2023-03-15,151.09271240234375,96.19999694824219,95.8937759399414,260.3775329589844
2023-03-16,153.91722106933594,100.04000091552734,100.38304901123047,270.9324035644531
2023-03-17,153.07778930664062,98.94999694824219,101.76360321044922,274.1007385253906
2023-03-20,155.447998046875,97.70999908447266,101.2372055053711,267.03802490234375
2023-03-21,157.3046875,100.61000061035156,105.12062072753906,268.5585021972656
2023-03-22,155.8726806640625,98.69999694824219,103.51164245605469,267.09686279296875
2023-03-23,156.9590301513672,98.70999908447266,105.53778839111328,272.3644714355469
2023-03-24,158.26266479492188,98.12999725341797,105.3391342163086,275.2189636230469
2023-03-27,156.31707763671875,98.04000091552734,102.35952758789062,271.1088562011719
2023-03-28,155.6949005126953,97.23999786376953,100.67107391357422,269.9808654785156
2023-03-29,158.7762451171875,100.25,101.2074203491211,275.16009521484375
2023-03-30,160.34649658203125,102.0,100.63135528564453,278.632568359375
2023-03-31,162.85501098632812,103.29000091552734,103.29313659667969,282.8015441894531
2023-04-03,164.10923767089844,102.41000366210938,104.19695281982422,281.75201416015625
2023-04-04,163.57595825195312,103.94999694824219,104.40552520751953,281.7029113769531
2023-04-05,161.72914123535156,101.0999984741211,104.23668670654297,278.9170837402344
2023-04-06,162.61798095703125,102.05999755859375,108.15984344482422,286.03863525390625
2023-04-10,160.02061462402344,102.16999816894531,106.22308349609375,283.87078857421875
2023-04-11,158.80584716796875,99.91999816894531,105.39874267578125,277.43585205078125
2023-04-12,158.1145477294922,97.83000183105469,104.50484466552734,278.083251953125
2023-04-13,163.5068359375,102.4000015258789,107.45466613769531,284.3121643066406
2023-04-14,163.16116333007812,102.51000213623047,108.71603393554688,280.6827697753906
2023-04-17,163.18092346191406,102.73999786376953,105.69668579101562,283.2919921875
2023-04-18,164.40554809570312,102.30000305175781,104.40552520751953,282.87017822265625
2023-04-19,165.55116271972656,104.30000305175781,104.30619812011719,282.94866943359375
2023-04-20,164.5832977294922,103.80999755859375,105.18022155761719,280.6533203125
2023-04-21,162.97352600097656,106.95999908447266,105.1901626586914,280.3099670410156
2023-04-24,163.27967834472656,106.20999908447266,106.05422973632812,276.39605712890625
2023-04-25,161.73899841308594,102.56999969482422,103.89899444580078,270.167236328125
2023-04-26,161.72914123535156,104.9800033569336,103.74007415771484,289.7366943359375
2023-04-27,166.32150268554688,109.81999969482422,107.6334457397461,299.01629638671875
2023-04-28,167.57569885253906,105.44999694824219,107.48445129394531,301.39996337890625
2023-05-01,167.48683166503906,102.05000305175781,106.97792053222656,299.7324523925781
2023-05-02,166.4498748779297,103.62999725341797,105.25968933105469,299.5852355957031
2023-05-03,165.37338256835938,103.6500015258789,105.39874267578125,298.594482421875
2023-05-04,163.7339630126953,104.0,104.49491119384766,299.5852355957031
2023-05-05,171.41749572753906,105.66000366210938,105.49308013916016,304.725341796875
2023-05-08,171.3483428955078,105.83000183105469,107.50431823730469,302.7634582519531
2023-05-09,169.6398162841797,106.62000274658203,107.20636749267578,301.1448974609375
2023-05-10,171.4075927734375,110.19000244140625,111.5168685913086,306.35357666015625
2023-05-11,171.59527587890625,112.18000030517578,116.10546112060547,304.195556640625
2023-05-12,170.66561889648438,110.26000213623047,117.11852264404297,303.07733154296875
2023-05-15,170.17112731933594,111.19999694824219,116.16505432128906,303.5579833984375
2023-05-16,170.17112731933594,113.4000015258789,119.2737808227539,305.7945556640625
2023-05-17,170.78431701660156,115.5,120.65432739257812,308.6847229003906
2023-05-18,173.11827087402344,118.1500015258789,122.68045043945312,313.1282043457031
2023-05-19,173.22703552246094,116.25,122.41230773925781,312.9512939453125
2023-05-22,172.27760314941406,115.01000213623047,125.01449584960938,315.74322509765625
2023-05-23,169.66676330566406,114.98999786376953,122.45204162597656,309.9234313964844
2023-05-24,169.94366455078125,116.75,120.81324768066406,308.53729248046875
2023-05-25,171.0810089111328,115.0,123.50482177734375,320.40301513671875
2023-05-26,173.49403381347656,120.11000061035156,124.57748413085938,327.25494384765625
2023-05-30,175.3433837890625,121.66000366210938,123.79285430908203,325.6034240722656
2023-05-31,175.2939910888672,120.58000183105469,122.531494140625,322.8311767578125
2023-06-01,178.10263061523438,122.7699966430664,123.52469635009766,326.9501953125
2023-06-02,178.95315551757812,124.25,124.37883758544922,329.72247314453125
2023-06-05,177.59825134277344,125.30000305175781,125.76931762695312,330.2533874511719
2023-06-06,177.2323455810547,126.61000061035156,127.0406265258789,328.03155517578125
2023-06-07,175.85769653320312,121.2300033569336,122.10442352294922,317.9059753417969
2023-06-08,178.5773162841797,124.25,121.83624267578125,319.75408935546875
2023-06-09,178.96304321289062,123.43000030517578,122.0348892211914,321.25823974609375
2023-06-12,181.76177978515625,126.56999969482422,123.50482177734375,326.23260498046875
2023-06-13,181.28709411621094,126.66000366210938,123.58427429199219,328.63128662109375
2023-06-14,181.92001342773438,126.41999816894531,123.53462219238281,331.629638671875
2023-06-15,183.957275390625,127.11000061035156,124.9350357055664,342.20751953125
2023-06-16,182.8793487548828,125.48999786376953,123.21678924560547,336.5351867675781
2023-06-20,182.96832275390625,125.77999877929688,123.00821685791016,332.3276062011719
2023-06-21,181.92994689941406,124.83000183105469,120.43582916259766,327.9136657714844
2023-06-22,184.93637084960938,130.14999389648438,123.028076171875,333.9595642089844
2023-06-23,184.61990356445312,129.3300018310547,122.18386840820312,329.3489074707031
2023-06-26,183.22549438476562,127.33000183105469,118.28057098388672,323.0375671386719
2023-06-27,185.98468017578125,129.17999267578125,118.20111846923828,328.906494140625
2023-06-28,187.1615753173828,129.0399932861328,120.25704956054688,330.1648864746094
2023-06-29,187.49778747558594,127.9000015258789,119.19432830810547,329.3784484863281
2023-06-30,191.82948303222656,130.36000061035156,120.1478042602539,334.77545166015625
2023-07-03,190.33612060546875,130.22000122070312,119.74058532714844,332.2685852050781
2023-07-05,189.21859741210938,130.3800048828125,121.79651641845703,332.4259948730469
2023-07-06,189.69329833984375,128.36000061035156,120.10807800292969,335.4930725097656
2023-07-07,188.57574462890625,129.77999877929688,119.32343292236328,331.5116882324219
2023-07-10,186.5286407470703,127.12999725341797,116.0756607055664,326.212890625
2023-07-11,186.0044708251953,128.77999877929688,116.90995025634766,326.8420715332031
2023-07-12,187.6758270263672,130.8000030517578,118.80697631835938,331.4920349121094
2023-07-13,188.43731689453125,134.3000030517578,123.9815673828125,336.8595886230469
2023-07-14,188.58566284179688,134.67999267578125,124.84564971923828,339.3959045410156
2023-07-17,191.8492431640625,133.55999755859375,124.20999145507812,339.8776550292969
2023-07-18,191.59210205078125,132.8300018310547,123.23665618896484,353.4046630859375
2023-07-19,192.94699096679688,135.36000061035156,121.94548797607422,349.06939697265625
2023-07-20,190.99874877929688,129.9600067138672,118.71758270263672,340.9983215332031
2023-07-21,189.8218536376953,130.0,119.49227905273438,337.9508056640625
2023-07-24,190.6229248046875,128.8000030517578,121.05160522460938,339.26812744140625
2023-07-25,191.4833221435547,129.1300048828125,121.95542907714844,345.0387268066406
2023-07-26,192.35360717773438,128.14999389648438,128.77874755859375,332.0523681640625
2023-07-27,191.0877685546875,128.25,128.9873046875,325.1216735839844
2023-07-28,193.6689453125,132.2100067138672,132.10595703125,332.64215087890625
2023-07-31,194.28207397460938,133.67999267578125,132.20530700683594,330.23370361328125
2023-08-01,193.45135498046875,131.69000244140625,130.9935760498047,330.64654541015625
2023-08-02,190.45480346679688,128.2100067138672,127.76567077636719,321.95623779296875
2023-08-03,189.06033325195312,128.91000366210938,127.89479064941406,321.13043212890625
2023-08-04,179.981689453125,139.57000732421875,127.66633605957031,322.2314758300781
2023-08-07,176.87632751464844,142.22000122070312,131.04322814941406,324.52203369140625
2023-08-08,177.8158416748047,139.94000244140625,130.9439239501953,320.53076171875
2023-08-09,176.2236328125,137.85000610351562,129.265380859375,316.77545166015625
2023-08-10,176.00601196289062,138.55999755859375,129.32501220703125,317.4635925292969
2023-08-11,176.0654296875,138.41000366210938,129.28526306152344,315.57611083984375
2023-08-14,177.71925354003906,140.57000732421875,130.93399047851562,318.5547790527344
2023-08-15,175.72874450683594,137.6699981689453,129.38458251953125,316.41168212890625
2023-08-16,174.85728454589844,135.07000732421875,128.23248291015625,315.6432800292969
2023-08-17,172.3122100830078,133.97999572753906,129.5732879638672,312.1755065917969
2023-08-18,172.79747009277344,133.22000122070312,127.23927307128906,311.781494140625
2023-08-21,174.13436889648438,134.67999267578125,128.0537109375,317.1013488769531
2023-08-22,175.5108642578125,134.25,128.8085174560547,317.6727294921875
2023-08-23,179.36312866210938,135.52000427246094,132.3046112060547,322.145263671875
2023-08-24,174.6691436767578,131.83999633789062,129.5335693359375,315.2196350097656
2023-08-25,176.87750244140625,133.25999450683594,129.80174255371094,318.1849670410156
2023-08-28,178.4421844482422,133.13999938964844,130.89425659179688,318.89434814453125
2023-08-29,182.3340301513672,134.91000366210938,134.56910705566406,323.5343017578125
2023-08-30,185.8297882080078,135.07000732421875,135.9993133544922,323.9087219238281
2023-08-31,186.04763793945312,138.00999450683594,136.41647338867188,322.8939514160156
2023-09-01,187.6222686767578,138.1199951171875,135.8701934814453,323.7806396484375
2023-09-05,187.85992431640625,137.27000427246094,135.78082275390625,328.5980224609375
2023-09-06,181.13580322265625,135.36000061035156,134.44992065429688,327.9380187988281
2023-09-07,175.83767700195312,137.85000610351562,135.2742919921875,325.0120849609375
2023-09-08,176.45164489746094,138.22999572753906,136.26748657226562,329.3073425292969
2023-09-11,177.62020874023438,143.10000610351562,136.80381774902344,332.9228820800781
2023-09-12,174.58990478515625,141.22999572753906,135.14517211914062,326.8444519042969
2023-09-13,172.52017211914062,144.85000610351562,136.5654296875,331.0707702636719
2023-09-14,174.0353546142578,144.72000122070312,138.0453338623047,333.67156982421875
2023-09-15,173.3124237060547,140.38999938964844,137.36001586914062,325.3175354003906
2023-09-18,176.2436981201172,139.97999572753906,138.01551818847656,324.1747131347656
2023-09-19,177.33303833007812,137.6300048828125,137.88641357421875,323.77081298828125
2023-09-20,173.78775024414062,135.2899932861328,133.6752166748047,316.0077819824219
2023-09-21,172.2428741455078,129.3300018310547,130.46717834472656,314.78619384765625
2023-09-22,173.0945281982422,129.1199951171875,130.35794067382812,312.3036193847656
2023-09-25,174.37205505371094,131.27000427246094,131.2716827392578,312.82574462890625
2023-09-26,170.29200744628906,125.9800033569336,128.5701446533203,307.5059509277344
2023-09-27,168.77684020996094,125.9800033569336,130.56651306152344,308.1462707519531
2023-09-28,169.0343017578125,125.9800033569336,132.2251434326172,308.98370361328125
2023-09-29,169.5492706298828,127.12000274658203,130.95384216308594,311.0623474121094
2023-10-02,172.06463623046875,129.4600067138672,134.2512664794922,317.0224304199219
2023-10-03,170.72772216796875,124.72000122070312,132.3939971923828,308.73736572265625
2023-10-04,171.9755096435547,127.0,135.3437957763672,314.22467041015625
2023-10-05,173.21339416503906,125.95999908447266,135.06570434570312,314.6187438964844
2023-10-06,175.76840209960938,127.95999908447266,137.7870635986328,322.4014892578125
2023-10-09,177.2538299560547,128.25999450683594,138.55186462402344,324.92340087890625
2023-10-10,176.6596221923828,129.47999572753906,138.25389099121094,323.51470947265625
2023-10-11,178.05596923828125,131.8300018310547,140.73690795898438,327.48480224609375
2023-10-12,178.95713806152344,132.3300018310547,139.33645629882812,326.2435607910156
2023-10-13,177.1151885986328,129.7899932861328,137.63812255859375,322.86444091796875
2023-10-16,176.98643493652344,132.5500030517578,139.53512573242188,327.7015686035156
2023-10-17,175.43165588378906,131.47000122070312,140.03170776367188,327.13018798828125
2023-10-18,174.13436889648438,128.1300048828125,138.33334350585938,325.2091064453125
2023-10-19,173.75807189941406,128.39999389648438,138.03538513183594,326.4011535644531
2023-10-20,171.2030792236328,125.16999816894531,135.8106231689453,321.8202209472656
2023-10-23,171.3218994140625,126.55999755859375,136.9627227783203,324.430908203125
2023-10-24,171.75765991210938,128.55999755859375,139.16763305664062,325.62286376953125
2023-10-25,169.4403533935547,121.38999938964844,125.8090591430664,335.6123046875
2023-10-26,165.2711944580078,119.56999969482422,122.60100555419922,323.0221252441406
2023-10-27,166.58827209472656,127.73999786376953,122.561279296875,324.91357421875
2023-10-30,168.63818359375,132.7100067138672,124.89530944824219,332.30218505859375
2023-10-31,169.11354064941406,133.08999633789062,124.4483642578125,333.09033203125
2023-11-01,172.2825164794922,137.0,126.70293426513672,340.9321594238281
2023-11-02,175.84759521484375,138.07000732421875,127.7060775756836,343.1488037109375
2023-11-03,174.93649291992188,138.60000610351562,129.48390197753906,347.5622253417969
2023-11-06,177.491455078125,139.74000549316406,130.55657958984375,351.23687744140625
2023-11-07,180.05636596679688,142.7100067138672,131.50009155273438,355.177490234375
2023-11-08,181.11599731445312,142.0800018310547,132.354248046875,357.807861328125
2023-11-09,180.64064025878906,140.60000610351562,130.79495239257812,355.3351745605469
2023-11-10,184.8351287841797,143.55999755859375,133.14881896972656,364.18182373046875
2023-11-13,183.24855041503906,142.58999633789062,132.731689453125,361.2362365722656
2023-11-14,185.8664093017578,145.8000030517578,134.50950622558594,364.77294921875
2023-11-15,186.43162536621094,143.1999969482422,135.45306396484375,364.9209899902344
2023-11-16,188.1173553466797,142.8300018310547,137.7572784423828,371.3374938964844
2023-11-17,188.09750366210938,145.17999267578125,136.00926208496094,365.0986633300781
2023-11-20,189.84274291992188,146.1300048828125,136.9825897216797,372.59112548828125
2023-11-21,189.03953552246094,143.89999389648438,137.67784118652344,368.2773132324219
2023-11-22,189.70391845703125,146.7100067138672,139.0683135986328,372.9958801269531
2023-11-24,188.37515258789062,146.74000549316406,137.28054809570312,372.5812683105469
2023-11-27,188.19667053222656,147.72999572753906,137.11170959472656,373.74609375
2023-11-28,188.80152893066406,147.02999877929688,137.67784118652344,377.7835998535156
2023-11-29,187.7801971435547,146.32000732421875,135.47293090820312,373.9830322265625
2023-11-30,188.35533142089844,146.08999633789062,133.00975036621094,374.04229736328125
2023-12-01,189.63449096679688,147.02999877929688,132.4138641357422,369.6988220214844
2023-12-04,187.8396759033203,144.83999633789062,129.74215698242188,364.3977966308594
2023-12-05,191.7961883544922,146.8800048828125,131.4901885986328,367.7342834472656
2023-12-06,190.7054443359375,144.52000427246094,130.5366973876953,364.0621337890625
2023-12-07,192.6390380859375,146.8800048828125,137.5089874267578,366.1845397949219
2023-12-08,194.0669708251953,147.4199981689453,135.71127319335938,369.4223937988281
2023-12-11,191.5581817626953,145.88999938964844,133.7844696044922,366.5299987792969
2023-12-12,193.0753936767578,147.47999572753906,132.731689453125,369.5704650878906
2023-12-13,196.29806518554688,148.83999633789062,133.05943298339844,369.56060791015625
2023-12-14,196.4468231201172,147.4199981689453,132.294677734375,361.22900390625
2023-12-15,195.91134643554688,149.97000122070312,132.93031311035156,365.96734619140625
2023-12-18,194.24545288085938,154.07000732421875,136.25753784179688,367.8626708984375
2023-12-19,195.28663635253906,153.7899932861328,137.16136169433594,368.4648132324219
2023-12-20,193.19435119628906,152.1199951171875,138.71075439453125,365.8587951660156
2023-12-21,193.04559326171875,153.83999633789062,140.8362274169922,368.74127197265625
2023-12-22,191.97467041015625,153.4199981689453,141.74998474121094,369.76788330078125
2023-12-26,191.42929077148438,153.41000366210938,141.8492889404297,369.8468933105469
2023-12-27,191.52845764160156,153.33999633789062,140.47866821289062,369.2644348144531
2023-12-28,191.95486450195312,153.3800048828125,140.31976318359375,370.4588928222656
2023-12-29,190.91366577148438,151.94000244140625,139.97213745117188,371.20916748046875
